date,material,news_summary,market_analysis,price_grade,delhi_price_rs_mt,mumbai_price_rs_mt,price_date,news_url,article_heading,article_date,article_author,article_body
,LLDPE,Ethylene prices rise in parts of Asia on strong regional demand,"Click the 
 icon to add a specified price to your Dashboard list. This makes it easy to keep track on the prices that matter most to you.
                
Share This Article
News Type
Products

                        We use cookies to authenticate, authorize, verify, analyze and secure the application. The application will not work with cookies disabled. if the cookies are disabled on your browser, please enable them from browser settings. By clicking 
 , you provide your consent for use of cookies. 

                    
The Browser cookies are disabled and you will not be able to Login to Polymerupdate. Please enable the cookies from the Browser settings by following the instructions provided in the 
. Re-load the page once the cookies are enabled.
Enable cookies from your browser settings and   
 the page to enjoy our services seamlessly
Copyright 1999 - 2026 
Polymerupdate.com",N/A,N/A,N/A,N/A,https://www.polymerupdate.com/News/Details/1496854/lldpe,Ethylene prices rise in parts of Asia on strong regional demand,,Polymerupdate,"Click the 
 icon to add a specified price to your Dashboard list. This makes it easy to keep track on the prices that matter most to you.
                
Share This Article
News Type
Products

                        We use cookies to authenticate, authorize, verify, analyze and secure the application. The application will not work with cookies disabled. if the cookies are disabled on your browser, please enable them from browser settings. By clicking 
 , you provide your consent for use of cookies. 

                    
The Browser cookies are disabled and you will not be able to Login to Polymerupdate. Please enable the cookies from the Browser settings by following the instructions provided in the 
. Re-load the page once the cookies are enabled.
Enable cookies from your browser settings and   
 the page to enjoy our services seamlessly
Copyright 1999 - 2026 
Polymerupdate.com"
,LDPE,"Domestic prices of Low Density Polyethylene (LDPE) China as of July 08, 2026","Click the 
 icon to add a specified price to your Dashboard list. This makes it easy to keep track on the prices that matter most to you.
                
Share This Article
News Type
Products

                        We use cookies to authenticate, authorize, verify, analyze and secure the application. The application will not work with cookies disabled. if the cookies are disabled on your browser, please enable them from browser settings. By clicking 
 , you provide your consent for use of cookies. 

                    
The Browser cookies are disabled and you will not be able to Login to Polymerupdate. Please enable the cookies from the Browser settings by following the instructions provided in the 
. Re-load the page once the cookies are enabled.
Enable cookies from your browser settings and   
 the page to enjoy our services seamlessly
Copyright 1999 - 2026 
Polymerupdate.com",N/A,N/A,N/A,N/A,https://www.polymerupdate.com/News/Details/1496677/ldpe,"Domestic prices of Low Density Polyethylene (LDPE) China as of July 08, 2026",,Polymerupdate,"Click the 
 icon to add a specified price to your Dashboard list. This makes it easy to keep track on the prices that matter most to you.
                
Share This Article
News Type
Products

                        We use cookies to authenticate, authorize, verify, analyze and secure the application. The application will not work with cookies disabled. if the cookies are disabled on your browser, please enable them from browser settings. By clicking 
 , you provide your consent for use of cookies. 

                    
The Browser cookies are disabled and you will not be able to Login to Polymerupdate. Please enable the cookies from the Browser settings by following the instructions provided in the 
. Re-load the page once the cookies are enabled.
Enable cookies from your browser settings and   
 the page to enjoy our services seamlessly
Copyright 1999 - 2026 
Polymerupdate.com"
,rHDPE,[HIGHLIGHT - HDPE] Ethylene prices rise in parts of Asia on strong regional demand,"Click the 
 icon to add a specified price to your Dashboard list. This makes it easy to keep track on the prices that matter most to you.
                
Share This Article
News Type
Products

                        We use cookies to authenticate, authorize, verify, analyze and secure the application. The application will not work with cookies disabled. if the cookies are disabled on your browser, please enable them from browser settings. By clicking 
 , you provide your consent for use of cookies. 

                    
The Browser cookies are disabled and you will not be able to Login to Polymerupdate. Please enable the cookies from the Browser settings by following the instructions provided in the 
. Re-load the page once the cookies are enabled.
Enable cookies from your browser settings and   
 the page to enjoy our services seamlessly
Copyright 1999 - 2026 
Polymerupdate.com",52GB002,163360,161340,"June 10 , 2026",https://www.polymerupdate.com/News/Details/1496854/hdpe,Ethylene prices rise in parts of Asia on strong regional demand,,Polymerupdate,"Click the 
 icon to add a specified price to your Dashboard list. This makes it easy to keep track on the prices that matter most to you.
                
Share This Article
News Type
Products

                        We use cookies to authenticate, authorize, verify, analyze and secure the application. The application will not work with cookies disabled. if the cookies are disabled on your browser, please enable them from browser settings. By clicking 
 , you provide your consent for use of cookies. 

                    
The Browser cookies are disabled and you will not be able to Login to Polymerupdate. Please enable the cookies from the Browser settings by following the instructions provided in the 
. Re-load the page once the cookies are enabled.
Enable cookies from your browser settings and   
 the page to enjoy our services seamlessly
Copyright 1999 - 2026 
Polymerupdate.com"
,rHDPE,[HIGHLIGHT - HDPE] Ethylene prices rise in parts of Asia on strong regional demand,"Click the 
 icon to add a specified price to your Dashboard list. This makes it easy to keep track on the prices that matter most to you.
                
Share This Article
News Type
Products

                        We use cookies to authenticate, authorize, verify, analyze and secure the application. The application will not work with cookies disabled. if the cookies are disabled on your browser, please enable them from browser settings. By clicking 
 , you provide your consent for use of cookies. 

                    
The Browser cookies are disabled and you will not be able to Login to Polymerupdate. Please enable the cookies from the Browser settings by following the instructions provided in the 
. Re-load the page once the cookies are enabled.
Enable cookies from your browser settings and   
 the page to enjoy our services seamlessly
Copyright 1999 - 2026 
Polymerupdate.com",46GP009,151520,149500,"June 10 , 2026",https://www.polymerupdate.com/News/Details/1496854/hdpe,Ethylene prices rise in parts of Asia on strong regional demand,,Polymerupdate,"Click the 
 icon to add a specified price to your Dashboard list. This makes it easy to keep track on the prices that matter most to you.
                
Share This Article
News Type
Products

                        We use cookies to authenticate, authorize, verify, analyze and secure the application. The application will not work with cookies disabled. if the cookies are disabled on your browser, please enable them from browser settings. By clicking 
 , you provide your consent for use of cookies. 

                    
The Browser cookies are disabled and you will not be able to Login to Polymerupdate. Please enable the cookies from the Browser settings by following the instructions provided in the 
. Re-load the page once the cookies are enabled.
Enable cookies from your browser settings and   
 the page to enjoy our services seamlessly
Copyright 1999 - 2026 
Polymerupdate.com"
,LLDPE,"Domestic prices of Linear Low Density Polyethylene (LLDPE) China as of July 08, 2026","Click the 
 icon to add a specified price to your Dashboard list. This makes it easy to keep track on the prices that matter most to you.
                
Share This Article
News Type
Products

                        We use cookies to authenticate, authorize, verify, analyze and secure the application. The application will not work with cookies disabled. if the cookies are disabled on your browser, please enable them from browser settings. By clicking 
 , you provide your consent for use of cookies. 

                    
The Browser cookies are disabled and you will not be able to Login to Polymerupdate. Please enable the cookies from the Browser settings by following the instructions provided in the 
. Re-load the page once the cookies are enabled.
Enable cookies from your browser settings and   
 the page to enjoy our services seamlessly
Copyright 1999 - 2026 
Polymerupdate.com",N/A,N/A,N/A,N/A,https://www.polymerupdate.com/News/Details/1496678/lldpe,"Domestic prices of Linear Low Density Polyethylene (LLDPE) China as of July 08, 2026",,Polymerupdate,"Click the 
 icon to add a specified price to your Dashboard list. This makes it easy to keep track on the prices that matter most to you.
                
Share This Article
News Type
Products

                        We use cookies to authenticate, authorize, verify, analyze and secure the application. The application will not work with cookies disabled. if the cookies are disabled on your browser, please enable them from browser settings. By clicking 
 , you provide your consent for use of cookies. 

                    
The Browser cookies are disabled and you will not be able to Login to Polymerupdate. Please enable the cookies from the Browser settings by following the instructions provided in the 
. Re-load the page once the cookies are enabled.
Enable cookies from your browser settings and   
 the page to enjoy our services seamlessly
Copyright 1999 - 2026 
Polymerupdate.com"
,rHDPE,"[HIGHLIGHT - HDPE] Domestic prices of High Density Polyethylene (HDPE) China as of July 08, 2026","Click the 
 icon to add a specified price to your Dashboard list. This makes it easy to keep track on the prices that matter most to you.
                
Share This Article
News Type
Products

                        We use cookies to authenticate, authorize, verify, analyze and secure the application. The application will not work with cookies disabled. if the cookies are disabled on your browser, please enable them from browser settings. By clicking 
 , you provide your consent for use of cookies. 

                    
The Browser cookies are disabled and you will not be able to Login to Polymerupdate. Please enable the cookies from the Browser settings by following the instructions provided in the 
. Re-load the page once the cookies are enabled.
Enable cookies from your browser settings and   
 the page to enjoy our services seamlessly
Copyright 1999 - 2026 
Polymerupdate.com",52GB002,163360,161340,"June 10 , 2026",https://www.polymerupdate.com/News/Details/1496676/hdpe,"Domestic prices of High Density Polyethylene (HDPE) China as of July 08, 2026",,Polymerupdate,"Click the 
 icon to add a specified price to your Dashboard list. This makes it easy to keep track on the prices that matter most to you.
                
Share This Article
News Type
Products

                        We use cookies to authenticate, authorize, verify, analyze and secure the application. The application will not work with cookies disabled. if the cookies are disabled on your browser, please enable them from browser settings. By clicking 
 , you provide your consent for use of cookies. 

                    
The Browser cookies are disabled and you will not be able to Login to Polymerupdate. Please enable the cookies from the Browser settings by following the instructions provided in the 
. Re-load the page once the cookies are enabled.
Enable cookies from your browser settings and   
 the page to enjoy our services seamlessly
Copyright 1999 - 2026 
Polymerupdate.com"
,rHDPE,"[HIGHLIGHT - HDPE] Domestic prices of High Density Polyethylene (HDPE) China as of July 08, 2026","Click the 
 icon to add a specified price to your Dashboard list. This makes it easy to keep track on the prices that matter most to you.
                
Share This Article
News Type
Products

                        We use cookies to authenticate, authorize, verify, analyze and secure the application. The application will not work with cookies disabled. if the cookies are disabled on your browser, please enable them from browser settings. By clicking 
 , you provide your consent for use of cookies. 

                    
The Browser cookies are disabled and you will not be able to Login to Polymerupdate. Please enable the cookies from the Browser settings by following the instructions provided in the 
. Re-load the page once the cookies are enabled.
Enable cookies from your browser settings and   
 the page to enjoy our services seamlessly
Copyright 1999 - 2026 
Polymerupdate.com",46GP009,151520,149500,"June 10 , 2026",https://www.polymerupdate.com/News/Details/1496676/hdpe,"Domestic prices of High Density Polyethylene (HDPE) China as of July 08, 2026",,Polymerupdate,"Click the 
 icon to add a specified price to your Dashboard list. This makes it easy to keep track on the prices that matter most to you.
                
Share This Article
News Type
Products

                        We use cookies to authenticate, authorize, verify, analyze and secure the application. The application will not work with cookies disabled. if the cookies are disabled on your browser, please enable them from browser settings. By clicking 
 , you provide your consent for use of cookies. 

                    
The Browser cookies are disabled and you will not be able to Login to Polymerupdate. Please enable the cookies from the Browser settings by following the instructions provided in the 
. Re-load the page once the cookies are enabled.
Enable cookies from your browser settings and   
 the page to enjoy our services seamlessly
Copyright 1999 - 2026 
Polymerupdate.com"
,LDPE,"Domestic prices of Ethylene China as of July 08, 2026","Click the 
 icon to add a specified price to your Dashboard list. This makes it easy to keep track on the prices that matter most to you.
                
Share This Article
News Type
Products

                        We use cookies to authenticate, authorize, verify, analyze and secure the application. The application will not work with cookies disabled. if the cookies are disabled on your browser, please enable them from browser settings. By clicking 
 , you provide your consent for use of cookies. 

                    
The Browser cookies are disabled and you will not be able to Login to Polymerupdate. Please enable the cookies from the Browser settings by following the instructions provided in the 
. Re-load the page once the cookies are enabled.
Enable cookies from your browser settings and   
 the page to enjoy our services seamlessly
Copyright 1999 - 2026 
Polymerupdate.com",N/A,N/A,N/A,N/A,https://www.polymerupdate.com/News/Details/1496656/ldpe,"Domestic prices of Ethylene China as of July 08, 2026",,Polymerupdate,"Click the 
 icon to add a specified price to your Dashboard list. This makes it easy to keep track on the prices that matter most to you.
                
Share This Article
News Type
Products

                        We use cookies to authenticate, authorize, verify, analyze and secure the application. The application will not work with cookies disabled. if the cookies are disabled on your browser, please enable them from browser settings. By clicking 
 , you provide your consent for use of cookies. 

                    
The Browser cookies are disabled and you will not be able to Login to Polymerupdate. Please enable the cookies from the Browser settings by following the instructions provided in the 
. Re-load the page once the cookies are enabled.
Enable cookies from your browser settings and   
 the page to enjoy our services seamlessly
Copyright 1999 - 2026 
Polymerupdate.com"
,PVC,A producer based in China offers Polyvinyl chloride (PVC),"Click the 
 icon to add a specified price to your Dashboard list. This makes it easy to keep track on the prices that matter most to you.
                
Share This Article
News Type
Products

                        We use cookies to authenticate, authorize, verify, analyze and secure the application. The application will not work with cookies disabled. if the cookies are disabled on your browser, please enable them from browser settings. By clicking 
 , you provide your consent for use of cookies. 

                    
The Browser cookies are disabled and you will not be able to Login to Polymerupdate. Please enable the cookies from the Browser settings by following the instructions provided in the 
. Re-load the page once the cookies are enabled.
Enable cookies from your browser settings and   
 the page to enjoy our services seamlessly
Copyright 1999 - 2026 
Polymerupdate.com",N/A,N/A,N/A,N/A,https://www.polymerupdate.com/News/Details/1496637/pvc,A producer based in China offers Polyvinyl chloride (PVC),,Polymerupdate,"Click the 
 icon to add a specified price to your Dashboard list. This makes it easy to keep track on the prices that matter most to you.
                
Share This Article
News Type
Products

                        We use cookies to authenticate, authorize, verify, analyze and secure the application. The application will not work with cookies disabled. if the cookies are disabled on your browser, please enable them from browser settings. By clicking 
 , you provide your consent for use of cookies. 

                    
The Browser cookies are disabled and you will not be able to Login to Polymerupdate. Please enable the cookies from the Browser settings by following the instructions provided in the 
. Re-load the page once the cookies are enabled.
Enable cookies from your browser settings and   
 the page to enjoy our services seamlessly
Copyright 1999 - 2026 
Polymerupdate.com"
,PVC,"Closing Price: Dalian Commodity Exchange As On July 8, 2026","Click the 
 icon to add a specified price to your Dashboard list. This makes it easy to keep track on the prices that matter most to you.
                
Share This Article
News Type
Products

                        We use cookies to authenticate, authorize, verify, analyze and secure the application. The application will not work with cookies disabled. if the cookies are disabled on your browser, please enable them from browser settings. By clicking 
 , you provide your consent for use of cookies. 

                    
The Browser cookies are disabled and you will not be able to Login to Polymerupdate. Please enable the cookies from the Browser settings by following the instructions provided in the 
. Re-load the page once the cookies are enabled.
Enable cookies from your browser settings and   
 the page to enjoy our services seamlessly
Copyright 1999 - 2026 
Polymerupdate.com",N/A,N/A,N/A,N/A,https://www.polymerupdate.com/News/Details/1496634/pvc,"Closing Price: Dalian Commodity Exchange As On July 8, 2026",,Polymerupdate,"Click the 
 icon to add a specified price to your Dashboard list. This makes it easy to keep track on the prices that matter most to you.
                
Share This Article
News Type
Products

                        We use cookies to authenticate, authorize, verify, analyze and secure the application. The application will not work with cookies disabled. if the cookies are disabled on your browser, please enable them from browser settings. By clicking 
 , you provide your consent for use of cookies. 

                    
The Browser cookies are disabled and you will not be able to Login to Polymerupdate. Please enable the cookies from the Browser settings by following the instructions provided in the 
. Re-load the page once the cookies are enabled.
Enable cookies from your browser settings and   
 the page to enjoy our services seamlessly
Copyright 1999 - 2026 
Polymerupdate.com"
,PVC,A producer based in China offers Polyvinyl chloride (PVC),"Click the 
 icon to add a specified price to your Dashboard list. This makes it easy to keep track on the prices that matter most to you.
                
Share This Article
News Type
Products

                        We use cookies to authenticate, authorize, verify, analyze and secure the application. The application will not work with cookies disabled. if the cookies are disabled on your browser, please enable them from browser settings. By clicking 
 , you provide your consent for use of cookies. 

                    
The Browser cookies are disabled and you will not be able to Login to Polymerupdate. Please enable the cookies from the Browser settings by following the instructions provided in the 
. Re-load the page once the cookies are enabled.
Enable cookies from your browser settings and   
 the page to enjoy our services seamlessly
Copyright 1999 - 2026 
Polymerupdate.com",N/A,N/A,N/A,N/A,https://www.polymerupdate.com/News/Details/1496638/pvc,A producer based in China offers Polyvinyl chloride (PVC),,Polymerupdate,"Click the 
 icon to add a specified price to your Dashboard list. This makes it easy to keep track on the prices that matter most to you.
                
Share This Article
News Type
Products

                        We use cookies to authenticate, authorize, verify, analyze and secure the application. The application will not work with cookies disabled. if the cookies are disabled on your browser, please enable them from browser settings. By clicking 
 , you provide your consent for use of cookies. 

                    
The Browser cookies are disabled and you will not be able to Login to Polymerupdate. Please enable the cookies from the Browser settings by following the instructions provided in the 
. Re-load the page once the cookies are enabled.
Enable cookies from your browser settings and   
 the page to enjoy our services seamlessly
Copyright 1999 - 2026 
Polymerupdate.com"
,PVC,Polyvinyl chloride (PVC) prices fall in parts of Asia on cautious buying and supply overhang,"Click the 
 icon to add a specified price to your Dashboard list. This makes it easy to keep track on the prices that matter most to you.
                
Share This Article
News Type
Products

                        We use cookies to authenticate, authorize, verify, analyze and secure the application. The application will not work with cookies disabled. if the cookies are disabled on your browser, please enable them from browser settings. By clicking 
 , you provide your consent for use of cookies. 

                    
The Browser cookies are disabled and you will not be able to Login to Polymerupdate. Please enable the cookies from the Browser settings by following the instructions provided in the 
. Re-load the page once the cookies are enabled.
Enable cookies from your browser settings and   
 the page to enjoy our services seamlessly
Copyright 1999 - 2026 
Polymerupdate.com",N/A,N/A,N/A,N/A,https://www.polymerupdate.com/News/Details/1496729/pvc,Polyvinyl chloride (PVC) prices fall in parts of Asia on cautious buying and supply overhang,,Polymerupdate,"Click the 
 icon to add a specified price to your Dashboard list. This makes it easy to keep track on the prices that matter most to you.
                
Share This Article
News Type
Products

                        We use cookies to authenticate, authorize, verify, analyze and secure the application. The application will not work with cookies disabled. if the cookies are disabled on your browser, please enable them from browser settings. By clicking 
 , you provide your consent for use of cookies. 

                    
The Browser cookies are disabled and you will not be able to Login to Polymerupdate. Please enable the cookies from the Browser settings by following the instructions provided in the 
. Re-load the page once the cookies are enabled.
Enable cookies from your browser settings and   
 the page to enjoy our services seamlessly
Copyright 1999 - 2026 
Polymerupdate.com"
,PVC,A producer from China offers Polyvinyl chloride (PVC),"Click the 
 icon to add a specified price to your Dashboard list. This makes it easy to keep track on the prices that matter most to you.
                
Share This Article
News Type
Products

                        We use cookies to authenticate, authorize, verify, analyze and secure the application. The application will not work with cookies disabled. if the cookies are disabled on your browser, please enable them from browser settings. By clicking 
 , you provide your consent for use of cookies. 

                    
The Browser cookies are disabled and you will not be able to Login to Polymerupdate. Please enable the cookies from the Browser settings by following the instructions provided in the 
. Re-load the page once the cookies are enabled.
Enable cookies from your browser settings and   
 the page to enjoy our services seamlessly
Copyright 1999 - 2026 
Polymerupdate.com",N/A,N/A,N/A,N/A,https://www.polymerupdate.com/News/Details/1496636/pvc,A producer from China offers Polyvinyl chloride (PVC),,Polymerupdate,"Click the 
 icon to add a specified price to your Dashboard list. This makes it easy to keep track on the prices that matter most to you.
                
Share This Article
News Type
Products

                        We use cookies to authenticate, authorize, verify, analyze and secure the application. The application will not work with cookies disabled. if the cookies are disabled on your browser, please enable them from browser settings. By clicking 
 , you provide your consent for use of cookies. 

                    
The Browser cookies are disabled and you will not be able to Login to Polymerupdate. Please enable the cookies from the Browser settings by following the instructions provided in the 
. Re-load the page once the cookies are enabled.
Enable cookies from your browser settings and   
 the page to enjoy our services seamlessly
Copyright 1999 - 2026 
Polymerupdate.com"
,PVC,"SNAPSHOT: Sri Lanka market as of July 08, 2026","Click the 
 icon to add a specified price to your Dashboard list. This makes it easy to keep track on the prices that matter most to you.
                
Share This Article
News Type
Products

                        We use cookies to authenticate, authorize, verify, analyze and secure the application. The application will not work with cookies disabled. if the cookies are disabled on your browser, please enable them from browser settings. By clicking 
 , you provide your consent for use of cookies. 

                    
The Browser cookies are disabled and you will not be able to Login to Polymerupdate. Please enable the cookies from the Browser settings by following the instructions provided in the 
. Re-load the page once the cookies are enabled.
Enable cookies from your browser settings and   
 the page to enjoy our services seamlessly
Copyright 1999 - 2026 
Polymerupdate.com",N/A,N/A,N/A,N/A,https://www.polymerupdate.com/News/Details/1496742/pvc,"SNAPSHOT: Sri Lanka market as of July 08, 2026",,Polymerupdate,"Click the 
 icon to add a specified price to your Dashboard list. This makes it easy to keep track on the prices that matter most to you.
                
Share This Article
News Type
Products

                        We use cookies to authenticate, authorize, verify, analyze and secure the application. The application will not work with cookies disabled. if the cookies are disabled on your browser, please enable them from browser settings. By clicking 
 , you provide your consent for use of cookies. 

                    
The Browser cookies are disabled and you will not be able to Login to Polymerupdate. Please enable the cookies from the Browser settings by following the instructions provided in the 
. Re-load the page once the cookies are enabled.
Enable cookies from your browser settings and   
 the page to enjoy our services seamlessly
Copyright 1999 - 2026 
Polymerupdate.com"
,PVC,"SNAPSHOT: Indore market as of July 08, 2026","Click the 
 icon to add a specified price to your Dashboard list. This makes it easy to keep track on the prices that matter most to you.
                
Share This Article
News Type
Products

                        We use cookies to authenticate, authorize, verify, analyze and secure the application. The application will not work with cookies disabled. if the cookies are disabled on your browser, please enable them from browser settings. By clicking 
 , you provide your consent for use of cookies. 

                    
The Browser cookies are disabled and you will not be able to Login to Polymerupdate. Please enable the cookies from the Browser settings by following the instructions provided in the 
. Re-load the page once the cookies are enabled.
Enable cookies from your browser settings and   
 the page to enjoy our services seamlessly
Copyright 1999 - 2026 
Polymerupdate.com",N/A,N/A,N/A,N/A,https://www.polymerupdate.com/News/Details/1496801/pvc,"SNAPSHOT: Indore market as of July 08, 2026",,Polymerupdate,"Click the 
 icon to add a specified price to your Dashboard list. This makes it easy to keep track on the prices that matter most to you.
                
Share This Article
News Type
Products

                        We use cookies to authenticate, authorize, verify, analyze and secure the application. The application will not work with cookies disabled. if the cookies are disabled on your browser, please enable them from browser settings. By clicking 
 , you provide your consent for use of cookies. 

                    
The Browser cookies are disabled and you will not be able to Login to Polymerupdate. Please enable the cookies from the Browser settings by following the instructions provided in the 
. Re-load the page once the cookies are enabled.
Enable cookies from your browser settings and   
 the page to enjoy our services seamlessly
Copyright 1999 - 2026 
Polymerupdate.com"
,PVC,"SNAPSHOT: Kanpur market as of July 08, 2026","Click the 
 icon to add a specified price to your Dashboard list. This makes it easy to keep track on the prices that matter most to you.
                
Share This Article
News Type
Products

                        We use cookies to authenticate, authorize, verify, analyze and secure the application. The application will not work with cookies disabled. if the cookies are disabled on your browser, please enable them from browser settings. By clicking 
 , you provide your consent for use of cookies. 

                    
The Browser cookies are disabled and you will not be able to Login to Polymerupdate. Please enable the cookies from the Browser settings by following the instructions provided in the 
. Re-load the page once the cookies are enabled.
Enable cookies from your browser settings and   
 the page to enjoy our services seamlessly
Copyright 1999 - 2026 
Polymerupdate.com",N/A,N/A,N/A,N/A,https://www.polymerupdate.com/News/Details/1496803/pvc,"SNAPSHOT: Kanpur market as of July 08, 2026",,Polymerupdate,"Click the 
 icon to add a specified price to your Dashboard list. This makes it easy to keep track on the prices that matter most to you.
                
Share This Article
News Type
Products

                        We use cookies to authenticate, authorize, verify, analyze and secure the application. The application will not work with cookies disabled. if the cookies are disabled on your browser, please enable them from browser settings. By clicking 
 , you provide your consent for use of cookies. 

                    
The Browser cookies are disabled and you will not be able to Login to Polymerupdate. Please enable the cookies from the Browser settings by following the instructions provided in the 
. Re-load the page once the cookies are enabled.
Enable cookies from your browser settings and   
 the page to enjoy our services seamlessly
Copyright 1999 - 2026 
Polymerupdate.com"
,PVC,"SNAPSHOT: Bangladesh market as of July 08, 2026","Click the 
 icon to add a specified price to your Dashboard list. This makes it easy to keep track on the prices that matter most to you.
                
Share This Article
News Type
Products

                        We use cookies to authenticate, authorize, verify, analyze and secure the application. The application will not work with cookies disabled. if the cookies are disabled on your browser, please enable them from browser settings. By clicking 
 , you provide your consent for use of cookies. 

                    
The Browser cookies are disabled and you will not be able to Login to Polymerupdate. Please enable the cookies from the Browser settings by following the instructions provided in the 
. Re-load the page once the cookies are enabled.
Enable cookies from your browser settings and   
 the page to enjoy our services seamlessly
Copyright 1999 - 2026 
Polymerupdate.com",N/A,N/A,N/A,N/A,https://www.polymerupdate.com/News/Details/1496741/pvc,"SNAPSHOT: Bangladesh market as of July 08, 2026",,Polymerupdate,"Click the 
 icon to add a specified price to your Dashboard list. This makes it easy to keep track on the prices that matter most to you.
                
Share This Article
News Type
Products

                        We use cookies to authenticate, authorize, verify, analyze and secure the application. The application will not work with cookies disabled. if the cookies are disabled on your browser, please enable them from browser settings. By clicking 
 , you provide your consent for use of cookies. 

                    
The Browser cookies are disabled and you will not be able to Login to Polymerupdate. Please enable the cookies from the Browser settings by following the instructions provided in the 
. Re-load the page once the cookies are enabled.
Enable cookies from your browser settings and   
 the page to enjoy our services seamlessly
Copyright 1999 - 2026 
Polymerupdate.com"
,PVC,"SNAPSHOT: Kerala market as of July 08, 2026","Click the 
 icon to add a specified price to your Dashboard list. This makes it easy to keep track on the prices that matter most to you.
                
Share This Article
News Type
Products

                        We use cookies to authenticate, authorize, verify, analyze and secure the application. The application will not work with cookies disabled. if the cookies are disabled on your browser, please enable them from browser settings. By clicking 
 , you provide your consent for use of cookies. 

                    
The Browser cookies are disabled and you will not be able to Login to Polymerupdate. Please enable the cookies from the Browser settings by following the instructions provided in the 
. Re-load the page once the cookies are enabled.
Enable cookies from your browser settings and   
 the page to enjoy our services seamlessly
Copyright 1999 - 2026 
Polymerupdate.com",N/A,N/A,N/A,N/A,https://www.polymerupdate.com/News/Details/1496787/pvc,"SNAPSHOT: Kerala market as of July 08, 2026",,Polymerupdate,"Click the 
 icon to add a specified price to your Dashboard list. This makes it easy to keep track on the prices that matter most to you.
                
Share This Article
News Type
Products

                        We use cookies to authenticate, authorize, verify, analyze and secure the application. The application will not work with cookies disabled. if the cookies are disabled on your browser, please enable them from browser settings. By clicking 
 , you provide your consent for use of cookies. 

                    
The Browser cookies are disabled and you will not be able to Login to Polymerupdate. Please enable the cookies from the Browser settings by following the instructions provided in the 
. Re-load the page once the cookies are enabled.
Enable cookies from your browser settings and   
 the page to enjoy our services seamlessly
Copyright 1999 - 2026 
Polymerupdate.com"
,PVC,"SNAPSHOT: Pakistan (Lahore) market as of July 08, 2026","Click the 
 icon to add a specified price to your Dashboard list. This makes it easy to keep track on the prices that matter most to you.
                
Share This Article
News Type
Products

                        We use cookies to authenticate, authorize, verify, analyze and secure the application. The application will not work with cookies disabled. if the cookies are disabled on your browser, please enable them from browser settings. By clicking 
 , you provide your consent for use of cookies. 

                    
The Browser cookies are disabled and you will not be able to Login to Polymerupdate. Please enable the cookies from the Browser settings by following the instructions provided in the 
. Re-load the page once the cookies are enabled.
Enable cookies from your browser settings and   
 the page to enjoy our services seamlessly
Copyright 1999 - 2026 
Polymerupdate.com",N/A,N/A,N/A,N/A,https://www.polymerupdate.com/News/Details/1496739/pvc,"SNAPSHOT: Pakistan (Lahore) market as of July 08, 2026",,Polymerupdate,"Click the 
 icon to add a specified price to your Dashboard list. This makes it easy to keep track on the prices that matter most to you.
                
Share This Article
News Type
Products

                        We use cookies to authenticate, authorize, verify, analyze and secure the application. The application will not work with cookies disabled. if the cookies are disabled on your browser, please enable them from browser settings. By clicking 
 , you provide your consent for use of cookies. 

                    
The Browser cookies are disabled and you will not be able to Login to Polymerupdate. Please enable the cookies from the Browser settings by following the instructions provided in the 
. Re-load the page once the cookies are enabled.
Enable cookies from your browser settings and   
 the page to enjoy our services seamlessly
Copyright 1999 - 2026 
Polymerupdate.com"
,PVC,"SNAPSHOT: Pakistan (Karachi) market as of July 08, 2026","Click the 
 icon to add a specified price to your Dashboard list. This makes it easy to keep track on the prices that matter most to you.
                
Share This Article
News Type
Products

                        We use cookies to authenticate, authorize, verify, analyze and secure the application. The application will not work with cookies disabled. if the cookies are disabled on your browser, please enable them from browser settings. By clicking 
 , you provide your consent for use of cookies. 

                    
The Browser cookies are disabled and you will not be able to Login to Polymerupdate. Please enable the cookies from the Browser settings by following the instructions provided in the 
. Re-load the page once the cookies are enabled.
Enable cookies from your browser settings and   
 the page to enjoy our services seamlessly
Copyright 1999 - 2026 
Polymerupdate.com",N/A,N/A,N/A,N/A,https://www.polymerupdate.com/News/Details/1496740/pvc,"SNAPSHOT: Pakistan (Karachi) market as of July 08, 2026",,Polymerupdate,"Click the 
 icon to add a specified price to your Dashboard list. This makes it easy to keep track on the prices that matter most to you.
                
Share This Article
News Type
Products

                        We use cookies to authenticate, authorize, verify, analyze and secure the application. The application will not work with cookies disabled. if the cookies are disabled on your browser, please enable them from browser settings. By clicking 
 , you provide your consent for use of cookies. 

                    
The Browser cookies are disabled and you will not be able to Login to Polymerupdate. Please enable the cookies from the Browser settings by following the instructions provided in the 
. Re-load the page once the cookies are enabled.
Enable cookies from your browser settings and   
 the page to enjoy our services seamlessly
Copyright 1999 - 2026 
Polymerupdate.com"
,PVC,"SNAPSHOT: Vietnam markets as of July 08, 2026","Click the 
 icon to add a specified price to your Dashboard list. This makes it easy to keep track on the prices that matter most to you.
                
Share This Article
News Type
Products

                        We use cookies to authenticate, authorize, verify, analyze and secure the application. The application will not work with cookies disabled. if the cookies are disabled on your browser, please enable them from browser settings. By clicking 
 , you provide your consent for use of cookies. 

                    
The Browser cookies are disabled and you will not be able to Login to Polymerupdate. Please enable the cookies from the Browser settings by following the instructions provided in the 
. Re-load the page once the cookies are enabled.
Enable cookies from your browser settings and   
 the page to enjoy our services seamlessly
Copyright 1999 - 2026 
Polymerupdate.com",N/A,N/A,N/A,N/A,https://www.polymerupdate.com/News/Details/1496727/pvc,"SNAPSHOT: Vietnam markets as of July 08, 2026",,Polymerupdate,"Click the 
 icon to add a specified price to your Dashboard list. This makes it easy to keep track on the prices that matter most to you.
                
Share This Article
News Type
Products

                        We use cookies to authenticate, authorize, verify, analyze and secure the application. The application will not work with cookies disabled. if the cookies are disabled on your browser, please enable them from browser settings. By clicking 
 , you provide your consent for use of cookies. 

                    
The Browser cookies are disabled and you will not be able to Login to Polymerupdate. Please enable the cookies from the Browser settings by following the instructions provided in the 
. Re-load the page once the cookies are enabled.
Enable cookies from your browser settings and   
 the page to enjoy our services seamlessly
Copyright 1999 - 2026 
Polymerupdate.com"
,PVC,"SNAPSHOT: Patna market as of July 08, 2026","Click the 
 icon to add a specified price to your Dashboard list. This makes it easy to keep track on the prices that matter most to you.
                
Share This Article
News Type
Products

                        We use cookies to authenticate, authorize, verify, analyze and secure the application. The application will not work with cookies disabled. if the cookies are disabled on your browser, please enable them from browser settings. By clicking 
 , you provide your consent for use of cookies. 

                    
The Browser cookies are disabled and you will not be able to Login to Polymerupdate. Please enable the cookies from the Browser settings by following the instructions provided in the 
. Re-load the page once the cookies are enabled.
Enable cookies from your browser settings and   
 the page to enjoy our services seamlessly
Copyright 1999 - 2026 
Polymerupdate.com",N/A,N/A,N/A,N/A,https://www.polymerupdate.com/News/Details/1496804/pvc,"SNAPSHOT: Patna market as of July 08, 2026",,Polymerupdate,"Click the 
 icon to add a specified price to your Dashboard list. This makes it easy to keep track on the prices that matter most to you.
                
Share This Article
News Type
Products

                        We use cookies to authenticate, authorize, verify, analyze and secure the application. The application will not work with cookies disabled. if the cookies are disabled on your browser, please enable them from browser settings. By clicking 
 , you provide your consent for use of cookies. 

                    
The Browser cookies are disabled and you will not be able to Login to Polymerupdate. Please enable the cookies from the Browser settings by following the instructions provided in the 
. Re-load the page once the cookies are enabled.
Enable cookies from your browser settings and   
 the page to enjoy our services seamlessly
Copyright 1999 - 2026 
Polymerupdate.com"
,PVC,"SNAPSHOT: Nepal market as of July 08, 2026","Click the 
 icon to add a specified price to your Dashboard list. This makes it easy to keep track on the prices that matter most to you.
                
Share This Article
News Type
Products

                        We use cookies to authenticate, authorize, verify, analyze and secure the application. The application will not work with cookies disabled. if the cookies are disabled on your browser, please enable them from browser settings. By clicking 
 , you provide your consent for use of cookies. 

                    
The Browser cookies are disabled and you will not be able to Login to Polymerupdate. Please enable the cookies from the Browser settings by following the instructions provided in the 
. Re-load the page once the cookies are enabled.
Enable cookies from your browser settings and   
 the page to enjoy our services seamlessly
Copyright 1999 - 2026 
Polymerupdate.com",N/A,N/A,N/A,N/A,https://www.polymerupdate.com/News/Details/1496743/pvc,"SNAPSHOT: Nepal market as of July 08, 2026",,Polymerupdate,"Click the 
 icon to add a specified price to your Dashboard list. This makes it easy to keep track on the prices that matter most to you.
                
Share This Article
News Type
Products

                        We use cookies to authenticate, authorize, verify, analyze and secure the application. The application will not work with cookies disabled. if the cookies are disabled on your browser, please enable them from browser settings. By clicking 
 , you provide your consent for use of cookies. 

                    
The Browser cookies are disabled and you will not be able to Login to Polymerupdate. Please enable the cookies from the Browser settings by following the instructions provided in the 
. Re-load the page once the cookies are enabled.
Enable cookies from your browser settings and   
 the page to enjoy our services seamlessly
Copyright 1999 - 2026 
Polymerupdate.com"
,PVC,"SNAPSHOT: Ahmedabad market as of July 08, 2026","Click the 
 icon to add a specified price to your Dashboard list. This makes it easy to keep track on the prices that matter most to you.
                
Share This Article
News Type
Products

                        We use cookies to authenticate, authorize, verify, analyze and secure the application. The application will not work with cookies disabled. if the cookies are disabled on your browser, please enable them from browser settings. By clicking 
 , you provide your consent for use of cookies. 

                    
The Browser cookies are disabled and you will not be able to Login to Polymerupdate. Please enable the cookies from the Browser settings by following the instructions provided in the 
. Re-load the page once the cookies are enabled.
Enable cookies from your browser settings and   
 the page to enjoy our services seamlessly
Copyright 1999 - 2026 
Polymerupdate.com",N/A,N/A,N/A,N/A,https://www.polymerupdate.com/News/Details/1496778/pvc,"SNAPSHOT: Ahmedabad market as of July 08, 2026",,Polymerupdate,"Click the 
 icon to add a specified price to your Dashboard list. This makes it easy to keep track on the prices that matter most to you.
                
Share This Article
News Type
Products

                        We use cookies to authenticate, authorize, verify, analyze and secure the application. The application will not work with cookies disabled. if the cookies are disabled on your browser, please enable them from browser settings. By clicking 
 , you provide your consent for use of cookies. 

                    
The Browser cookies are disabled and you will not be able to Login to Polymerupdate. Please enable the cookies from the Browser settings by following the instructions provided in the 
. Re-load the page once the cookies are enabled.
Enable cookies from your browser settings and   
 the page to enjoy our services seamlessly
Copyright 1999 - 2026 
Polymerupdate.com"
,PVC,"SNAPSHOT: Chennai market as of July 08, 2026","Click the 
 icon to add a specified price to your Dashboard list. This makes it easy to keep track on the prices that matter most to you.
                
Share This Article
News Type
Products

                        We use cookies to authenticate, authorize, verify, analyze and secure the application. The application will not work with cookies disabled. if the cookies are disabled on your browser, please enable them from browser settings. By clicking 
 , you provide your consent for use of cookies. 

                    
The Browser cookies are disabled and you will not be able to Login to Polymerupdate. Please enable the cookies from the Browser settings by following the instructions provided in the 
. Re-load the page once the cookies are enabled.
Enable cookies from your browser settings and   
 the page to enjoy our services seamlessly
Copyright 1999 - 2026 
Polymerupdate.com",N/A,N/A,N/A,N/A,https://www.polymerupdate.com/News/Details/1496754/pvc,"SNAPSHOT: Chennai market as of July 08, 2026",,Polymerupdate,"Click the 
 icon to add a specified price to your Dashboard list. This makes it easy to keep track on the prices that matter most to you.
                
Share This Article
News Type
Products

                        We use cookies to authenticate, authorize, verify, analyze and secure the application. The application will not work with cookies disabled. if the cookies are disabled on your browser, please enable them from browser settings. By clicking 
 , you provide your consent for use of cookies. 

                    
The Browser cookies are disabled and you will not be able to Login to Polymerupdate. Please enable the cookies from the Browser settings by following the instructions provided in the 
. Re-load the page once the cookies are enabled.
Enable cookies from your browser settings and   
 the page to enjoy our services seamlessly
Copyright 1999 - 2026 
Polymerupdate.com"
,PVC,"SNAPSHOT: Kolkata market as of July 08, 2026","Click the 
 icon to add a specified price to your Dashboard list. This makes it easy to keep track on the prices that matter most to you.
                
Share This Article
News Type
Products

                        We use cookies to authenticate, authorize, verify, analyze and secure the application. The application will not work with cookies disabled. if the cookies are disabled on your browser, please enable them from browser settings. By clicking 
 , you provide your consent for use of cookies. 

                    
The Browser cookies are disabled and you will not be able to Login to Polymerupdate. Please enable the cookies from the Browser settings by following the instructions provided in the 
. Re-load the page once the cookies are enabled.
Enable cookies from your browser settings and   
 the page to enjoy our services seamlessly
Copyright 1999 - 2026 
Polymerupdate.com",N/A,N/A,N/A,N/A,https://www.polymerupdate.com/News/Details/1496745/pvc,"SNAPSHOT: Kolkata market as of July 08, 2026",,Polymerupdate,"Click the 
 icon to add a specified price to your Dashboard list. This makes it easy to keep track on the prices that matter most to you.
                
Share This Article
News Type
Products

                        We use cookies to authenticate, authorize, verify, analyze and secure the application. The application will not work with cookies disabled. if the cookies are disabled on your browser, please enable them from browser settings. By clicking 
 , you provide your consent for use of cookies. 

                    
The Browser cookies are disabled and you will not be able to Login to Polymerupdate. Please enable the cookies from the Browser settings by following the instructions provided in the 
. Re-load the page once the cookies are enabled.
Enable cookies from your browser settings and   
 the page to enjoy our services seamlessly
Copyright 1999 - 2026 
Polymerupdate.com"
,PVC,"SNAPSHOT: Hyderabad market as of July 08, 2026","Click the 
 icon to add a specified price to your Dashboard list. This makes it easy to keep track on the prices that matter most to you.
                
Share This Article
News Type
Products

                        We use cookies to authenticate, authorize, verify, analyze and secure the application. The application will not work with cookies disabled. if the cookies are disabled on your browser, please enable them from browser settings. By clicking 
 , you provide your consent for use of cookies. 

                    
The Browser cookies are disabled and you will not be able to Login to Polymerupdate. Please enable the cookies from the Browser settings by following the instructions provided in the 
. Re-load the page once the cookies are enabled.
Enable cookies from your browser settings and   
 the page to enjoy our services seamlessly
Copyright 1999 - 2026 
Polymerupdate.com",N/A,N/A,N/A,N/A,https://www.polymerupdate.com/News/Details/1496786/pvc,"SNAPSHOT: Hyderabad market as of July 08, 2026",,Polymerupdate,"Click the 
 icon to add a specified price to your Dashboard list. This makes it easy to keep track on the prices that matter most to you.
                
Share This Article
News Type
Products

                        We use cookies to authenticate, authorize, verify, analyze and secure the application. The application will not work with cookies disabled. if the cookies are disabled on your browser, please enable them from browser settings. By clicking 
 , you provide your consent for use of cookies. 

                    
The Browser cookies are disabled and you will not be able to Login to Polymerupdate. Please enable the cookies from the Browser settings by following the instructions provided in the 
. Re-load the page once the cookies are enabled.
Enable cookies from your browser settings and   
 the page to enjoy our services seamlessly
Copyright 1999 - 2026 
Polymerupdate.com"
,PVC,"SNAPSHOT: Mumbai market as of July 08, 2026","Click the 
 icon to add a specified price to your Dashboard list. This makes it easy to keep track on the prices that matter most to you.
                
Share This Article
News Type
Products

                        We use cookies to authenticate, authorize, verify, analyze and secure the application. The application will not work with cookies disabled. if the cookies are disabled on your browser, please enable them from browser settings. By clicking 
 , you provide your consent for use of cookies. 

                    
The Browser cookies are disabled and you will not be able to Login to Polymerupdate. Please enable the cookies from the Browser settings by following the instructions provided in the 
. Re-load the page once the cookies are enabled.
Enable cookies from your browser settings and   
 the page to enjoy our services seamlessly
Copyright 1999 - 2026 
Polymerupdate.com",N/A,N/A,N/A,N/A,https://www.polymerupdate.com/News/Details/1496738/pvc,"SNAPSHOT: Mumbai market as of July 08, 2026",,Polymerupdate,"Click the 
 icon to add a specified price to your Dashboard list. This makes it easy to keep track on the prices that matter most to you.
                
Share This Article
News Type
Products

                        We use cookies to authenticate, authorize, verify, analyze and secure the application. The application will not work with cookies disabled. if the cookies are disabled on your browser, please enable them from browser settings. By clicking 
 , you provide your consent for use of cookies. 

                    
The Browser cookies are disabled and you will not be able to Login to Polymerupdate. Please enable the cookies from the Browser settings by following the instructions provided in the 
. Re-load the page once the cookies are enabled.
Enable cookies from your browser settings and   
 the page to enjoy our services seamlessly
Copyright 1999 - 2026 
Polymerupdate.com"
,PVC,"SNAPSHOT: Delhi market as of July 08, 2026","Click the 
 icon to add a specified price to your Dashboard list. This makes it easy to keep track on the prices that matter most to you.
                
Share This Article
News Type
Products

                        We use cookies to authenticate, authorize, verify, analyze and secure the application. The application will not work with cookies disabled. if the cookies are disabled on your browser, please enable them from browser settings. By clicking 
 , you provide your consent for use of cookies. 

                    
The Browser cookies are disabled and you will not be able to Login to Polymerupdate. Please enable the cookies from the Browser settings by following the instructions provided in the 
. Re-load the page once the cookies are enabled.
Enable cookies from your browser settings and   
 the page to enjoy our services seamlessly
Copyright 1999 - 2026 
Polymerupdate.com",N/A,N/A,N/A,N/A,https://www.polymerupdate.com/News/Details/1496744/pvc,"SNAPSHOT: Delhi market as of July 08, 2026",,Polymerupdate,"Click the 
 icon to add a specified price to your Dashboard list. This makes it easy to keep track on the prices that matter most to you.
                
Share This Article
News Type
Products

                        We use cookies to authenticate, authorize, verify, analyze and secure the application. The application will not work with cookies disabled. if the cookies are disabled on your browser, please enable them from browser settings. By clicking 
 , you provide your consent for use of cookies. 

                    
The Browser cookies are disabled and you will not be able to Login to Polymerupdate. Please enable the cookies from the Browser settings by following the instructions provided in the 
. Re-load the page once the cookies are enabled.
Enable cookies from your browser settings and   
 the page to enjoy our services seamlessly
Copyright 1999 - 2026 
Polymerupdate.com"
,PVC,"SNAPSHOT: Rajasthan market as of July 08, 2026","Click the 
 icon to add a specified price to your Dashboard list. This makes it easy to keep track on the prices that matter most to you.
                
Share This Article
News Type
Products

                        We use cookies to authenticate, authorize, verify, analyze and secure the application. The application will not work with cookies disabled. if the cookies are disabled on your browser, please enable them from browser settings. By clicking 
 , you provide your consent for use of cookies. 

                    
The Browser cookies are disabled and you will not be able to Login to Polymerupdate. Please enable the cookies from the Browser settings by following the instructions provided in the 
. Re-load the page once the cookies are enabled.
Enable cookies from your browser settings and   
 the page to enjoy our services seamlessly
Copyright 1999 - 2026 
Polymerupdate.com",N/A,N/A,N/A,N/A,https://www.polymerupdate.com/News/Details/1496780/pvc,"SNAPSHOT: Rajasthan market as of July 08, 2026",,Polymerupdate,"Click the 
 icon to add a specified price to your Dashboard list. This makes it easy to keep track on the prices that matter most to you.
                
Share This Article
News Type
Products

                        We use cookies to authenticate, authorize, verify, analyze and secure the application. The application will not work with cookies disabled. if the cookies are disabled on your browser, please enable them from browser settings. By clicking 
 , you provide your consent for use of cookies. 

                    
The Browser cookies are disabled and you will not be able to Login to Polymerupdate. Please enable the cookies from the Browser settings by following the instructions provided in the 
. Re-load the page once the cookies are enabled.
Enable cookies from your browser settings and   
 the page to enjoy our services seamlessly
Copyright 1999 - 2026 
Polymerupdate.com"
,PVC,"SNAPSHOT: Bangalore market as of July 08, 2026","Click the 
 icon to add a specified price to your Dashboard list. This makes it easy to keep track on the prices that matter most to you.
                
Share This Article
News Type
Products

                        We use cookies to authenticate, authorize, verify, analyze and secure the application. The application will not work with cookies disabled. if the cookies are disabled on your browser, please enable them from browser settings. By clicking 
 , you provide your consent for use of cookies. 

                    
The Browser cookies are disabled and you will not be able to Login to Polymerupdate. Please enable the cookies from the Browser settings by following the instructions provided in the 
. Re-load the page once the cookies are enabled.
Enable cookies from your browser settings and   
 the page to enjoy our services seamlessly
Copyright 1999 - 2026 
Polymerupdate.com",N/A,N/A,N/A,N/A,https://www.polymerupdate.com/News/Details/1496763/pvc,"SNAPSHOT: Bangalore market as of July 08, 2026",,Polymerupdate,"Click the 
 icon to add a specified price to your Dashboard list. This makes it easy to keep track on the prices that matter most to you.
                
Share This Article
News Type
Products

                        We use cookies to authenticate, authorize, verify, analyze and secure the application. The application will not work with cookies disabled. if the cookies are disabled on your browser, please enable them from browser settings. By clicking 
 , you provide your consent for use of cookies. 

                    
The Browser cookies are disabled and you will not be able to Login to Polymerupdate. Please enable the cookies from the Browser settings by following the instructions provided in the 
. Re-load the page once the cookies are enabled.
Enable cookies from your browser settings and   
 the page to enjoy our services seamlessly
Copyright 1999 - 2026 
Polymerupdate.com"
,rHDPE,"[HIGHLIGHT - HDPE] SNAPSHOT: Indore market as of July 08, 2026","Click the 
 icon to add a specified price to your Dashboard list. This makes it easy to keep track on the prices that matter most to you.
                
Share This Article
News Type
Products

                        We use cookies to authenticate, authorize, verify, analyze and secure the application. The application will not work with cookies disabled. if the cookies are disabled on your browser, please enable them from browser settings. By clicking 
 , you provide your consent for use of cookies. 

                    
The Browser cookies are disabled and you will not be able to Login to Polymerupdate. Please enable the cookies from the Browser settings by following the instructions provided in the 
. Re-load the page once the cookies are enabled.
Enable cookies from your browser settings and   
 the page to enjoy our services seamlessly
Copyright 1999 - 2026 
Polymerupdate.com",52GB002,163360,161340,"June 10 , 2026",https://www.polymerupdate.com/News/Details/1496801/hdpe,"SNAPSHOT: Indore market as of July 08, 2026",,Polymerupdate,"Click the 
 icon to add a specified price to your Dashboard list. This makes it easy to keep track on the prices that matter most to you.
                
Share This Article
News Type
Products

                        We use cookies to authenticate, authorize, verify, analyze and secure the application. The application will not work with cookies disabled. if the cookies are disabled on your browser, please enable them from browser settings. By clicking 
 , you provide your consent for use of cookies. 

                    
The Browser cookies are disabled and you will not be able to Login to Polymerupdate. Please enable the cookies from the Browser settings by following the instructions provided in the 
. Re-load the page once the cookies are enabled.
Enable cookies from your browser settings and   
 the page to enjoy our services seamlessly
Copyright 1999 - 2026 
Polymerupdate.com"
,rHDPE,"[HIGHLIGHT - HDPE] SNAPSHOT: Indore market as of July 08, 2026","Click the 
 icon to add a specified price to your Dashboard list. This makes it easy to keep track on the prices that matter most to you.
                
Share This Article
News Type
Products

                        We use cookies to authenticate, authorize, verify, analyze and secure the application. The application will not work with cookies disabled. if the cookies are disabled on your browser, please enable them from browser settings. By clicking 
 , you provide your consent for use of cookies. 

                    
The Browser cookies are disabled and you will not be able to Login to Polymerupdate. Please enable the cookies from the Browser settings by following the instructions provided in the 
. Re-load the page once the cookies are enabled.
Enable cookies from your browser settings and   
 the page to enjoy our services seamlessly
Copyright 1999 - 2026 
Polymerupdate.com",46GP009,151520,149500,"June 10 , 2026",https://www.polymerupdate.com/News/Details/1496801/hdpe,"SNAPSHOT: Indore market as of July 08, 2026",,Polymerupdate,"Click the 
 icon to add a specified price to your Dashboard list. This makes it easy to keep track on the prices that matter most to you.
                
Share This Article
News Type
Products

                        We use cookies to authenticate, authorize, verify, analyze and secure the application. The application will not work with cookies disabled. if the cookies are disabled on your browser, please enable them from browser settings. By clicking 
 , you provide your consent for use of cookies. 

                    
The Browser cookies are disabled and you will not be able to Login to Polymerupdate. Please enable the cookies from the Browser settings by following the instructions provided in the 
. Re-load the page once the cookies are enabled.
Enable cookies from your browser settings and   
 the page to enjoy our services seamlessly
Copyright 1999 - 2026 
Polymerupdate.com"
,rHDPE,"[HIGHLIGHT - HDPE] SNAPSHOT: Kanpur market as of July 08, 2026","Click the 
 icon to add a specified price to your Dashboard list. This makes it easy to keep track on the prices that matter most to you.
                
Share This Article
News Type
Products

                        We use cookies to authenticate, authorize, verify, analyze and secure the application. The application will not work with cookies disabled. if the cookies are disabled on your browser, please enable them from browser settings. By clicking 
 , you provide your consent for use of cookies. 

                    
The Browser cookies are disabled and you will not be able to Login to Polymerupdate. Please enable the cookies from the Browser settings by following the instructions provided in the 
. Re-load the page once the cookies are enabled.
Enable cookies from your browser settings and   
 the page to enjoy our services seamlessly
Copyright 1999 - 2026 
Polymerupdate.com",52GB002,163360,161340,"June 10 , 2026",https://www.polymerupdate.com/News/Details/1496803/hdpe,"SNAPSHOT: Kanpur market as of July 08, 2026",,Polymerupdate,"Click the 
 icon to add a specified price to your Dashboard list. This makes it easy to keep track on the prices that matter most to you.
                
Share This Article
News Type
Products

                        We use cookies to authenticate, authorize, verify, analyze and secure the application. The application will not work with cookies disabled. if the cookies are disabled on your browser, please enable them from browser settings. By clicking 
 , you provide your consent for use of cookies. 

                    
The Browser cookies are disabled and you will not be able to Login to Polymerupdate. Please enable the cookies from the Browser settings by following the instructions provided in the 
. Re-load the page once the cookies are enabled.
Enable cookies from your browser settings and   
 the page to enjoy our services seamlessly
Copyright 1999 - 2026 
Polymerupdate.com"
,rHDPE,"[HIGHLIGHT - HDPE] SNAPSHOT: Kanpur market as of July 08, 2026","Click the 
 icon to add a specified price to your Dashboard list. This makes it easy to keep track on the prices that matter most to you.
                
Share This Article
News Type
Products

                        We use cookies to authenticate, authorize, verify, analyze and secure the application. The application will not work with cookies disabled. if the cookies are disabled on your browser, please enable them from browser settings. By clicking 
 , you provide your consent for use of cookies. 

                    
The Browser cookies are disabled and you will not be able to Login to Polymerupdate. Please enable the cookies from the Browser settings by following the instructions provided in the 
. Re-load the page once the cookies are enabled.
Enable cookies from your browser settings and   
 the page to enjoy our services seamlessly
Copyright 1999 - 2026 
Polymerupdate.com",46GP009,151520,149500,"June 10 , 2026",https://www.polymerupdate.com/News/Details/1496803/hdpe,"SNAPSHOT: Kanpur market as of July 08, 2026",,Polymerupdate,"Click the 
 icon to add a specified price to your Dashboard list. This makes it easy to keep track on the prices that matter most to you.
                
Share This Article
News Type
Products

                        We use cookies to authenticate, authorize, verify, analyze and secure the application. The application will not work with cookies disabled. if the cookies are disabled on your browser, please enable them from browser settings. By clicking 
 , you provide your consent for use of cookies. 

                    
The Browser cookies are disabled and you will not be able to Login to Polymerupdate. Please enable the cookies from the Browser settings by following the instructions provided in the 
. Re-load the page once the cookies are enabled.
Enable cookies from your browser settings and   
 the page to enjoy our services seamlessly
Copyright 1999 - 2026 
Polymerupdate.com"
,rHDPE,"[HIGHLIGHT - HDPE] SNAPSHOT: Mumbai market as of July 08, 2026","Click the 
 icon to add a specified price to your Dashboard list. This makes it easy to keep track on the prices that matter most to you.
                
Share This Article
News Type
Products

                        We use cookies to authenticate, authorize, verify, analyze and secure the application. The application will not work with cookies disabled. if the cookies are disabled on your browser, please enable them from browser settings. By clicking 
 , you provide your consent for use of cookies. 

                    
The Browser cookies are disabled and you will not be able to Login to Polymerupdate. Please enable the cookies from the Browser settings by following the instructions provided in the 
. Re-load the page once the cookies are enabled.
Enable cookies from your browser settings and   
 the page to enjoy our services seamlessly
Copyright 1999 - 2026 
Polymerupdate.com",52GB002,163360,161340,"June 10 , 2026",https://www.polymerupdate.com/News/Details/1496738/hdpe,"SNAPSHOT: Mumbai market as of July 08, 2026",,Polymerupdate,"Click the 
 icon to add a specified price to your Dashboard list. This makes it easy to keep track on the prices that matter most to you.
                
Share This Article
News Type
Products

                        We use cookies to authenticate, authorize, verify, analyze and secure the application. The application will not work with cookies disabled. if the cookies are disabled on your browser, please enable them from browser settings. By clicking 
 , you provide your consent for use of cookies. 

                    
The Browser cookies are disabled and you will not be able to Login to Polymerupdate. Please enable the cookies from the Browser settings by following the instructions provided in the 
. Re-load the page once the cookies are enabled.
Enable cookies from your browser settings and   
 the page to enjoy our services seamlessly
Copyright 1999 - 2026 
Polymerupdate.com"
,rHDPE,"[HIGHLIGHT - HDPE] SNAPSHOT: Mumbai market as of July 08, 2026","Click the 
 icon to add a specified price to your Dashboard list. This makes it easy to keep track on the prices that matter most to you.
                
Share This Article
News Type
Products

                        We use cookies to authenticate, authorize, verify, analyze and secure the application. The application will not work with cookies disabled. if the cookies are disabled on your browser, please enable them from browser settings. By clicking 
 , you provide your consent for use of cookies. 

                    
The Browser cookies are disabled and you will not be able to Login to Polymerupdate. Please enable the cookies from the Browser settings by following the instructions provided in the 
. Re-load the page once the cookies are enabled.
Enable cookies from your browser settings and   
 the page to enjoy our services seamlessly
Copyright 1999 - 2026 
Polymerupdate.com",46GP009,151520,149500,"June 10 , 2026",https://www.polymerupdate.com/News/Details/1496738/hdpe,"SNAPSHOT: Mumbai market as of July 08, 2026",,Polymerupdate,"Click the 
 icon to add a specified price to your Dashboard list. This makes it easy to keep track on the prices that matter most to you.
                
Share This Article
News Type
Products

                        We use cookies to authenticate, authorize, verify, analyze and secure the application. The application will not work with cookies disabled. if the cookies are disabled on your browser, please enable them from browser settings. By clicking 
 , you provide your consent for use of cookies. 

                    
The Browser cookies are disabled and you will not be able to Login to Polymerupdate. Please enable the cookies from the Browser settings by following the instructions provided in the 
. Re-load the page once the cookies are enabled.
Enable cookies from your browser settings and   
 the page to enjoy our services seamlessly
Copyright 1999 - 2026 
Polymerupdate.com"
,rHDPE,"[HIGHLIGHT - HDPE] SNAPSHOT: Nepal market as of July 08, 2026","Click the 
 icon to add a specified price to your Dashboard list. This makes it easy to keep track on the prices that matter most to you.
                
Share This Article
News Type
Products

                        We use cookies to authenticate, authorize, verify, analyze and secure the application. The application will not work with cookies disabled. if the cookies are disabled on your browser, please enable them from browser settings. By clicking 
 , you provide your consent for use of cookies. 

                    
The Browser cookies are disabled and you will not be able to Login to Polymerupdate. Please enable the cookies from the Browser settings by following the instructions provided in the 
. Re-load the page once the cookies are enabled.
Enable cookies from your browser settings and   
 the page to enjoy our services seamlessly
Copyright 1999 - 2026 
Polymerupdate.com",52GB002,163360,161340,"June 10 , 2026",https://www.polymerupdate.com/News/Details/1496743/hdpe,"SNAPSHOT: Nepal market as of July 08, 2026",,Polymerupdate,"Click the 
 icon to add a specified price to your Dashboard list. This makes it easy to keep track on the prices that matter most to you.
                
Share This Article
News Type
Products

                        We use cookies to authenticate, authorize, verify, analyze and secure the application. The application will not work with cookies disabled. if the cookies are disabled on your browser, please enable them from browser settings. By clicking 
 , you provide your consent for use of cookies. 

                    
The Browser cookies are disabled and you will not be able to Login to Polymerupdate. Please enable the cookies from the Browser settings by following the instructions provided in the 
. Re-load the page once the cookies are enabled.
Enable cookies from your browser settings and   
 the page to enjoy our services seamlessly
Copyright 1999 - 2026 
Polymerupdate.com"
,rHDPE,"[HIGHLIGHT - HDPE] SNAPSHOT: Nepal market as of July 08, 2026","Click the 
 icon to add a specified price to your Dashboard list. This makes it easy to keep track on the prices that matter most to you.
                
Share This Article
News Type
Products

                        We use cookies to authenticate, authorize, verify, analyze and secure the application. The application will not work with cookies disabled. if the cookies are disabled on your browser, please enable them from browser settings. By clicking 
 , you provide your consent for use of cookies. 

                    
The Browser cookies are disabled and you will not be able to Login to Polymerupdate. Please enable the cookies from the Browser settings by following the instructions provided in the 
. Re-load the page once the cookies are enabled.
Enable cookies from your browser settings and   
 the page to enjoy our services seamlessly
Copyright 1999 - 2026 
Polymerupdate.com",46GP009,151520,149500,"June 10 , 2026",https://www.polymerupdate.com/News/Details/1496743/hdpe,"SNAPSHOT: Nepal market as of July 08, 2026",,Polymerupdate,"Click the 
 icon to add a specified price to your Dashboard list. This makes it easy to keep track on the prices that matter most to you.
                
Share This Article
News Type
Products

                        We use cookies to authenticate, authorize, verify, analyze and secure the application. The application will not work with cookies disabled. if the cookies are disabled on your browser, please enable them from browser settings. By clicking 
 , you provide your consent for use of cookies. 

                    
The Browser cookies are disabled and you will not be able to Login to Polymerupdate. Please enable the cookies from the Browser settings by following the instructions provided in the 
. Re-load the page once the cookies are enabled.
Enable cookies from your browser settings and   
 the page to enjoy our services seamlessly
Copyright 1999 - 2026 
Polymerupdate.com"
,rHDPE,"[HIGHLIGHT - HDPE] SNAPSHOT: Bangladesh market as of July 08, 2026","Click the 
 icon to add a specified price to your Dashboard list. This makes it easy to keep track on the prices that matter most to you.
                
Share This Article
News Type
Products

                        We use cookies to authenticate, authorize, verify, analyze and secure the application. The application will not work with cookies disabled. if the cookies are disabled on your browser, please enable them from browser settings. By clicking 
 , you provide your consent for use of cookies. 

                    
The Browser cookies are disabled and you will not be able to Login to Polymerupdate. Please enable the cookies from the Browser settings by following the instructions provided in the 
. Re-load the page once the cookies are enabled.
Enable cookies from your browser settings and   
 the page to enjoy our services seamlessly
Copyright 1999 - 2026 
Polymerupdate.com",52GB002,163360,161340,"June 10 , 2026",https://www.polymerupdate.com/News/Details/1496741/hdpe,"SNAPSHOT: Bangladesh market as of July 08, 2026",,Polymerupdate,"Click the 
 icon to add a specified price to your Dashboard list. This makes it easy to keep track on the prices that matter most to you.
                
Share This Article
News Type
Products

                        We use cookies to authenticate, authorize, verify, analyze and secure the application. The application will not work with cookies disabled. if the cookies are disabled on your browser, please enable them from browser settings. By clicking 
 , you provide your consent for use of cookies. 

                    
The Browser cookies are disabled and you will not be able to Login to Polymerupdate. Please enable the cookies from the Browser settings by following the instructions provided in the 
. Re-load the page once the cookies are enabled.
Enable cookies from your browser settings and   
 the page to enjoy our services seamlessly
Copyright 1999 - 2026 
Polymerupdate.com"
,rHDPE,"[HIGHLIGHT - HDPE] SNAPSHOT: Bangladesh market as of July 08, 2026","Click the 
 icon to add a specified price to your Dashboard list. This makes it easy to keep track on the prices that matter most to you.
                
Share This Article
News Type
Products

                        We use cookies to authenticate, authorize, verify, analyze and secure the application. The application will not work with cookies disabled. if the cookies are disabled on your browser, please enable them from browser settings. By clicking 
 , you provide your consent for use of cookies. 

                    
The Browser cookies are disabled and you will not be able to Login to Polymerupdate. Please enable the cookies from the Browser settings by following the instructions provided in the 
. Re-load the page once the cookies are enabled.
Enable cookies from your browser settings and   
 the page to enjoy our services seamlessly
Copyright 1999 - 2026 
Polymerupdate.com",46GP009,151520,149500,"June 10 , 2026",https://www.polymerupdate.com/News/Details/1496741/hdpe,"SNAPSHOT: Bangladesh market as of July 08, 2026",,Polymerupdate,"Click the 
 icon to add a specified price to your Dashboard list. This makes it easy to keep track on the prices that matter most to you.
                
Share This Article
News Type
Products

                        We use cookies to authenticate, authorize, verify, analyze and secure the application. The application will not work with cookies disabled. if the cookies are disabled on your browser, please enable them from browser settings. By clicking 
 , you provide your consent for use of cookies. 

                    
The Browser cookies are disabled and you will not be able to Login to Polymerupdate. Please enable the cookies from the Browser settings by following the instructions provided in the 
. Re-load the page once the cookies are enabled.
Enable cookies from your browser settings and   
 the page to enjoy our services seamlessly
Copyright 1999 - 2026 
Polymerupdate.com"
,PVC,"Indian Open Markets Price Table – July 8, 2026","Click the 
 icon to add a specified price to your Dashboard list. This makes it easy to keep track on the prices that matter most to you.
                
Share This Article
News Type
Products

                        We use cookies to authenticate, authorize, verify, analyze and secure the application. The application will not work with cookies disabled. if the cookies are disabled on your browser, please enable them from browser settings. By clicking 
 , you provide your consent for use of cookies. 

                    
The Browser cookies are disabled and you will not be able to Login to Polymerupdate. Please enable the cookies from the Browser settings by following the instructions provided in the 
. Re-load the page once the cookies are enabled.
Enable cookies from your browser settings and   
 the page to enjoy our services seamlessly
Copyright 1999 - 2026 
Polymerupdate.com",N/A,N/A,N/A,N/A,https://www.polymerupdate.com/News/Details/1496811/pvc,"Indian Open Markets Price Table – July 8, 2026",,Polymerupdate,"Click the 
 icon to add a specified price to your Dashboard list. This makes it easy to keep track on the prices that matter most to you.
                
Share This Article
News Type
Products

                        We use cookies to authenticate, authorize, verify, analyze and secure the application. The application will not work with cookies disabled. if the cookies are disabled on your browser, please enable them from browser settings. By clicking 
 , you provide your consent for use of cookies. 

                    
The Browser cookies are disabled and you will not be able to Login to Polymerupdate. Please enable the cookies from the Browser settings by following the instructions provided in the 
. Re-load the page once the cookies are enabled.
Enable cookies from your browser settings and   
 the page to enjoy our services seamlessly
Copyright 1999 - 2026 
Polymerupdate.com"
,rHDPE,[HIGHLIGHT - HDPE] Ethylene prices edge higher in the United States,"Click the 
 icon to add a specified price to your Dashboard list. This makes it easy to keep track on the prices that matter most to you.
                
Share This Article
News Type
Products

                        We use cookies to authenticate, authorize, verify, analyze and secure the application. The application will not work with cookies disabled. if the cookies are disabled on your browser, please enable them from browser settings. By clicking 
 , you provide your consent for use of cookies. 

                    
The Browser cookies are disabled and you will not be able to Login to Polymerupdate. Please enable the cookies from the Browser settings by following the instructions provided in the 
. Re-load the page once the cookies are enabled.
Enable cookies from your browser settings and   
 the page to enjoy our services seamlessly
Copyright 1999 - 2026 
Polymerupdate.com",52GB002,163360,161340,"June 10 , 2026",https://www.polymerupdate.com/News/Details/1496718/hdpe,Ethylene prices edge higher in the United States,,Polymerupdate,"Click the 
 icon to add a specified price to your Dashboard list. This makes it easy to keep track on the prices that matter most to you.
                
Share This Article
News Type
Products

                        We use cookies to authenticate, authorize, verify, analyze and secure the application. The application will not work with cookies disabled. if the cookies are disabled on your browser, please enable them from browser settings. By clicking 
 , you provide your consent for use of cookies. 

                    
The Browser cookies are disabled and you will not be able to Login to Polymerupdate. Please enable the cookies from the Browser settings by following the instructions provided in the 
. Re-load the page once the cookies are enabled.
Enable cookies from your browser settings and   
 the page to enjoy our services seamlessly
Copyright 1999 - 2026 
Polymerupdate.com"
,rHDPE,[HIGHLIGHT - HDPE] Ethylene prices edge higher in the United States,"Click the 
 icon to add a specified price to your Dashboard list. This makes it easy to keep track on the prices that matter most to you.
                
Share This Article
News Type
Products

                        We use cookies to authenticate, authorize, verify, analyze and secure the application. The application will not work with cookies disabled. if the cookies are disabled on your browser, please enable them from browser settings. By clicking 
 , you provide your consent for use of cookies. 

                    
The Browser cookies are disabled and you will not be able to Login to Polymerupdate. Please enable the cookies from the Browser settings by following the instructions provided in the 
. Re-load the page once the cookies are enabled.
Enable cookies from your browser settings and   
 the page to enjoy our services seamlessly
Copyright 1999 - 2026 
Polymerupdate.com",46GP009,151520,149500,"June 10 , 2026",https://www.polymerupdate.com/News/Details/1496718/hdpe,Ethylene prices edge higher in the United States,,Polymerupdate,"Click the 
 icon to add a specified price to your Dashboard list. This makes it easy to keep track on the prices that matter most to you.
                
Share This Article
News Type
Products

                        We use cookies to authenticate, authorize, verify, analyze and secure the application. The application will not work with cookies disabled. if the cookies are disabled on your browser, please enable them from browser settings. By clicking 
 , you provide your consent for use of cookies. 

                    
The Browser cookies are disabled and you will not be able to Login to Polymerupdate. Please enable the cookies from the Browser settings by following the instructions provided in the 
. Re-load the page once the cookies are enabled.
Enable cookies from your browser settings and   
 the page to enjoy our services seamlessly
Copyright 1999 - 2026 
Polymerupdate.com"
,rHDPE,"[HIGHLIGHT - HDPE] SNAPSHOT: Kerala market as of July 08, 2026","Click the 
 icon to add a specified price to your Dashboard list. This makes it easy to keep track on the prices that matter most to you.
                
Share This Article
News Type
Products

                        We use cookies to authenticate, authorize, verify, analyze and secure the application. The application will not work with cookies disabled. if the cookies are disabled on your browser, please enable them from browser settings. By clicking 
 , you provide your consent for use of cookies. 

                    
The Browser cookies are disabled and you will not be able to Login to Polymerupdate. Please enable the cookies from the Browser settings by following the instructions provided in the 
. Re-load the page once the cookies are enabled.
Enable cookies from your browser settings and   
 the page to enjoy our services seamlessly
Copyright 1999 - 2026 
Polymerupdate.com",52GB002,163360,161340,"June 10 , 2026",https://www.polymerupdate.com/News/Details/1496787/hdpe,"SNAPSHOT: Kerala market as of July 08, 2026",,Polymerupdate,"Click the 
 icon to add a specified price to your Dashboard list. This makes it easy to keep track on the prices that matter most to you.
                
Share This Article
News Type
Products

                        We use cookies to authenticate, authorize, verify, analyze and secure the application. The application will not work with cookies disabled. if the cookies are disabled on your browser, please enable them from browser settings. By clicking 
 , you provide your consent for use of cookies. 

                    
The Browser cookies are disabled and you will not be able to Login to Polymerupdate. Please enable the cookies from the Browser settings by following the instructions provided in the 
. Re-load the page once the cookies are enabled.
Enable cookies from your browser settings and   
 the page to enjoy our services seamlessly
Copyright 1999 - 2026 
Polymerupdate.com"
,rHDPE,"[HIGHLIGHT - HDPE] SNAPSHOT: Kerala market as of July 08, 2026","Click the 
 icon to add a specified price to your Dashboard list. This makes it easy to keep track on the prices that matter most to you.
                
Share This Article
News Type
Products

                        We use cookies to authenticate, authorize, verify, analyze and secure the application. The application will not work with cookies disabled. if the cookies are disabled on your browser, please enable them from browser settings. By clicking 
 , you provide your consent for use of cookies. 

                    
The Browser cookies are disabled and you will not be able to Login to Polymerupdate. Please enable the cookies from the Browser settings by following the instructions provided in the 
. Re-load the page once the cookies are enabled.
Enable cookies from your browser settings and   
 the page to enjoy our services seamlessly
Copyright 1999 - 2026 
Polymerupdate.com",46GP009,151520,149500,"June 10 , 2026",https://www.polymerupdate.com/News/Details/1496787/hdpe,"SNAPSHOT: Kerala market as of July 08, 2026",,Polymerupdate,"Click the 
 icon to add a specified price to your Dashboard list. This makes it easy to keep track on the prices that matter most to you.
                
Share This Article
News Type
Products

                        We use cookies to authenticate, authorize, verify, analyze and secure the application. The application will not work with cookies disabled. if the cookies are disabled on your browser, please enable them from browser settings. By clicking 
 , you provide your consent for use of cookies. 

                    
The Browser cookies are disabled and you will not be able to Login to Polymerupdate. Please enable the cookies from the Browser settings by following the instructions provided in the 
. Re-load the page once the cookies are enabled.
Enable cookies from your browser settings and   
 the page to enjoy our services seamlessly
Copyright 1999 - 2026 
Polymerupdate.com"
,rHDPE,"[HIGHLIGHT - HDPE] SNAPSHOT: Patna market as of July 08, 2026","Click the 
 icon to add a specified price to your Dashboard list. This makes it easy to keep track on the prices that matter most to you.
                
Share This Article
News Type
Products

                        We use cookies to authenticate, authorize, verify, analyze and secure the application. The application will not work with cookies disabled. if the cookies are disabled on your browser, please enable them from browser settings. By clicking 
 , you provide your consent for use of cookies. 

                    
The Browser cookies are disabled and you will not be able to Login to Polymerupdate. Please enable the cookies from the Browser settings by following the instructions provided in the 
. Re-load the page once the cookies are enabled.
Enable cookies from your browser settings and   
 the page to enjoy our services seamlessly
Copyright 1999 - 2026 
Polymerupdate.com",52GB002,163360,161340,"June 10 , 2026",https://www.polymerupdate.com/News/Details/1496804/hdpe,"SNAPSHOT: Patna market as of July 08, 2026",,Polymerupdate,"Click the 
 icon to add a specified price to your Dashboard list. This makes it easy to keep track on the prices that matter most to you.
                
Share This Article
News Type
Products

                        We use cookies to authenticate, authorize, verify, analyze and secure the application. The application will not work with cookies disabled. if the cookies are disabled on your browser, please enable them from browser settings. By clicking 
 , you provide your consent for use of cookies. 

                    
The Browser cookies are disabled and you will not be able to Login to Polymerupdate. Please enable the cookies from the Browser settings by following the instructions provided in the 
. Re-load the page once the cookies are enabled.
Enable cookies from your browser settings and   
 the page to enjoy our services seamlessly
Copyright 1999 - 2026 
Polymerupdate.com"
,rHDPE,"[HIGHLIGHT - HDPE] SNAPSHOT: Patna market as of July 08, 2026","Click the 
 icon to add a specified price to your Dashboard list. This makes it easy to keep track on the prices that matter most to you.
                
Share This Article
News Type
Products

                        We use cookies to authenticate, authorize, verify, analyze and secure the application. The application will not work with cookies disabled. if the cookies are disabled on your browser, please enable them from browser settings. By clicking 
 , you provide your consent for use of cookies. 

                    
The Browser cookies are disabled and you will not be able to Login to Polymerupdate. Please enable the cookies from the Browser settings by following the instructions provided in the 
. Re-load the page once the cookies are enabled.
Enable cookies from your browser settings and   
 the page to enjoy our services seamlessly
Copyright 1999 - 2026 
Polymerupdate.com",46GP009,151520,149500,"June 10 , 2026",https://www.polymerupdate.com/News/Details/1496804/hdpe,"SNAPSHOT: Patna market as of July 08, 2026",,Polymerupdate,"Click the 
 icon to add a specified price to your Dashboard list. This makes it easy to keep track on the prices that matter most to you.
                
Share This Article
News Type
Products

                        We use cookies to authenticate, authorize, verify, analyze and secure the application. The application will not work with cookies disabled. if the cookies are disabled on your browser, please enable them from browser settings. By clicking 
 , you provide your consent for use of cookies. 

                    
The Browser cookies are disabled and you will not be able to Login to Polymerupdate. Please enable the cookies from the Browser settings by following the instructions provided in the 
. Re-load the page once the cookies are enabled.
Enable cookies from your browser settings and   
 the page to enjoy our services seamlessly
Copyright 1999 - 2026 
Polymerupdate.com"
,rHDPE,[HIGHLIGHT - HDPE] A producer from Saudi Arabia offers High density polyethylene (HDPE Injection) in Mozambique,"Click the 
 icon to add a specified price to your Dashboard list. This makes it easy to keep track on the prices that matter most to you.
                
Share This Article
News Type
Products

                        We use cookies to authenticate, authorize, verify, analyze and secure the application. The application will not work with cookies disabled. if the cookies are disabled on your browser, please enable them from browser settings. By clicking 
 , you provide your consent for use of cookies. 

                    
The Browser cookies are disabled and you will not be able to Login to Polymerupdate. Please enable the cookies from the Browser settings by following the instructions provided in the 
. Re-load the page once the cookies are enabled.
Enable cookies from your browser settings and   
 the page to enjoy our services seamlessly
Copyright 1999 - 2026 
Polymerupdate.com",52GB002,163360,161340,"June 10 , 2026",https://www.polymerupdate.com/News/Details/1496762/hdpe,A producer from Saudi Arabia offers High density polyethylene (HDPE Injection) in Mozambique,,Polymerupdate,"Click the 
 icon to add a specified price to your Dashboard list. This makes it easy to keep track on the prices that matter most to you.
                
Share This Article
News Type
Products

                        We use cookies to authenticate, authorize, verify, analyze and secure the application. The application will not work with cookies disabled. if the cookies are disabled on your browser, please enable them from browser settings. By clicking 
 , you provide your consent for use of cookies. 

                    
The Browser cookies are disabled and you will not be able to Login to Polymerupdate. Please enable the cookies from the Browser settings by following the instructions provided in the 
. Re-load the page once the cookies are enabled.
Enable cookies from your browser settings and   
 the page to enjoy our services seamlessly
Copyright 1999 - 2026 
Polymerupdate.com"
,rHDPE,[HIGHLIGHT - HDPE] A producer from Saudi Arabia offers High density polyethylene (HDPE Injection) in Mozambique,"Click the 
 icon to add a specified price to your Dashboard list. This makes it easy to keep track on the prices that matter most to you.
                
Share This Article
News Type
Products

                        We use cookies to authenticate, authorize, verify, analyze and secure the application. The application will not work with cookies disabled. if the cookies are disabled on your browser, please enable them from browser settings. By clicking 
 , you provide your consent for use of cookies. 

                    
The Browser cookies are disabled and you will not be able to Login to Polymerupdate. Please enable the cookies from the Browser settings by following the instructions provided in the 
. Re-load the page once the cookies are enabled.
Enable cookies from your browser settings and   
 the page to enjoy our services seamlessly
Copyright 1999 - 2026 
Polymerupdate.com",46GP009,151520,149500,"June 10 , 2026",https://www.polymerupdate.com/News/Details/1496762/hdpe,A producer from Saudi Arabia offers High density polyethylene (HDPE Injection) in Mozambique,,Polymerupdate,"Click the 
 icon to add a specified price to your Dashboard list. This makes it easy to keep track on the prices that matter most to you.
                
Share This Article
News Type
Products

                        We use cookies to authenticate, authorize, verify, analyze and secure the application. The application will not work with cookies disabled. if the cookies are disabled on your browser, please enable them from browser settings. By clicking 
 , you provide your consent for use of cookies. 

                    
The Browser cookies are disabled and you will not be able to Login to Polymerupdate. Please enable the cookies from the Browser settings by following the instructions provided in the 
. Re-load the page once the cookies are enabled.
Enable cookies from your browser settings and   
 the page to enjoy our services seamlessly
Copyright 1999 - 2026 
Polymerupdate.com"
,PVC,"SNAPSHOT: Punjab market as of July 08, 2026","Click the 
 icon to add a specified price to your Dashboard list. This makes it easy to keep track on the prices that matter most to you.
                
Share This Article
News Type
Products

                        We use cookies to authenticate, authorize, verify, analyze and secure the application. The application will not work with cookies disabled. if the cookies are disabled on your browser, please enable them from browser settings. By clicking 
 , you provide your consent for use of cookies. 

                    
The Browser cookies are disabled and you will not be able to Login to Polymerupdate. Please enable the cookies from the Browser settings by following the instructions provided in the 
. Re-load the page once the cookies are enabled.
Enable cookies from your browser settings and   
 the page to enjoy our services seamlessly
Copyright 1999 - 2026 
Polymerupdate.com",N/A,N/A,N/A,N/A,https://www.polymerupdate.com/News/Details/1496781/pvc,"SNAPSHOT: Punjab market as of July 08, 2026",,Polymerupdate,"Click the 
 icon to add a specified price to your Dashboard list. This makes it easy to keep track on the prices that matter most to you.
                
Share This Article
News Type
Products

                        We use cookies to authenticate, authorize, verify, analyze and secure the application. The application will not work with cookies disabled. if the cookies are disabled on your browser, please enable them from browser settings. By clicking 
 , you provide your consent for use of cookies. 

                    
The Browser cookies are disabled and you will not be able to Login to Polymerupdate. Please enable the cookies from the Browser settings by following the instructions provided in the 
. Re-load the page once the cookies are enabled.
Enable cookies from your browser settings and   
 the page to enjoy our services seamlessly
Copyright 1999 - 2026 
Polymerupdate.com"
,rHDPE,"[HIGHLIGHT - HDPE] SNAPSHOT: Pakistan (Lahore) market as of July 08, 2026","Click the 
 icon to add a specified price to your Dashboard list. This makes it easy to keep track on the prices that matter most to you.
                
Share This Article
News Type
Products

                        We use cookies to authenticate, authorize, verify, analyze and secure the application. The application will not work with cookies disabled. if the cookies are disabled on your browser, please enable them from browser settings. By clicking 
 , you provide your consent for use of cookies. 

                    
The Browser cookies are disabled and you will not be able to Login to Polymerupdate. Please enable the cookies from the Browser settings by following the instructions provided in the 
. Re-load the page once the cookies are enabled.
Enable cookies from your browser settings and   
 the page to enjoy our services seamlessly
Copyright 1999 - 2026 
Polymerupdate.com",52GB002,163360,161340,"June 10 , 2026",https://www.polymerupdate.com/News/Details/1496739/hdpe,"SNAPSHOT: Pakistan (Lahore) market as of July 08, 2026",,Polymerupdate,"Click the 
 icon to add a specified price to your Dashboard list. This makes it easy to keep track on the prices that matter most to you.
                
Share This Article
News Type
Products

                        We use cookies to authenticate, authorize, verify, analyze and secure the application. The application will not work with cookies disabled. if the cookies are disabled on your browser, please enable them from browser settings. By clicking 
 , you provide your consent for use of cookies. 

                    
The Browser cookies are disabled and you will not be able to Login to Polymerupdate. Please enable the cookies from the Browser settings by following the instructions provided in the 
. Re-load the page once the cookies are enabled.
Enable cookies from your browser settings and   
 the page to enjoy our services seamlessly
Copyright 1999 - 2026 
Polymerupdate.com"
,rHDPE,"[HIGHLIGHT - HDPE] SNAPSHOT: Pakistan (Lahore) market as of July 08, 2026","Click the 
 icon to add a specified price to your Dashboard list. This makes it easy to keep track on the prices that matter most to you.
                
Share This Article
News Type
Products

                        We use cookies to authenticate, authorize, verify, analyze and secure the application. The application will not work with cookies disabled. if the cookies are disabled on your browser, please enable them from browser settings. By clicking 
 , you provide your consent for use of cookies. 

                    
The Browser cookies are disabled and you will not be able to Login to Polymerupdate. Please enable the cookies from the Browser settings by following the instructions provided in the 
. Re-load the page once the cookies are enabled.
Enable cookies from your browser settings and   
 the page to enjoy our services seamlessly
Copyright 1999 - 2026 
Polymerupdate.com",46GP009,151520,149500,"June 10 , 2026",https://www.polymerupdate.com/News/Details/1496739/hdpe,"SNAPSHOT: Pakistan (Lahore) market as of July 08, 2026",,Polymerupdate,"Click the 
 icon to add a specified price to your Dashboard list. This makes it easy to keep track on the prices that matter most to you.
                
Share This Article
News Type
Products

                        We use cookies to authenticate, authorize, verify, analyze and secure the application. The application will not work with cookies disabled. if the cookies are disabled on your browser, please enable them from browser settings. By clicking 
 , you provide your consent for use of cookies. 

                    
The Browser cookies are disabled and you will not be able to Login to Polymerupdate. Please enable the cookies from the Browser settings by following the instructions provided in the 
. Re-load the page once the cookies are enabled.
Enable cookies from your browser settings and   
 the page to enjoy our services seamlessly
Copyright 1999 - 2026 
Polymerupdate.com"
,rHDPE,"[HIGHLIGHT - HDPE] SNAPSHOT: Pakistan (Karachi) market as of July 08, 2026","Click the 
 icon to add a specified price to your Dashboard list. This makes it easy to keep track on the prices that matter most to you.
                
Share This Article
News Type
Products

                        We use cookies to authenticate, authorize, verify, analyze and secure the application. The application will not work with cookies disabled. if the cookies are disabled on your browser, please enable them from browser settings. By clicking 
 , you provide your consent for use of cookies. 

                    
The Browser cookies are disabled and you will not be able to Login to Polymerupdate. Please enable the cookies from the Browser settings by following the instructions provided in the 
. Re-load the page once the cookies are enabled.
Enable cookies from your browser settings and   
 the page to enjoy our services seamlessly
Copyright 1999 - 2026 
Polymerupdate.com",52GB002,163360,161340,"June 10 , 2026",https://www.polymerupdate.com/News/Details/1496740/hdpe,"SNAPSHOT: Pakistan (Karachi) market as of July 08, 2026",,Polymerupdate,"Click the 
 icon to add a specified price to your Dashboard list. This makes it easy to keep track on the prices that matter most to you.
                
Share This Article
News Type
Products

                        We use cookies to authenticate, authorize, verify, analyze and secure the application. The application will not work with cookies disabled. if the cookies are disabled on your browser, please enable them from browser settings. By clicking 
 , you provide your consent for use of cookies. 

                    
The Browser cookies are disabled and you will not be able to Login to Polymerupdate. Please enable the cookies from the Browser settings by following the instructions provided in the 
. Re-load the page once the cookies are enabled.
Enable cookies from your browser settings and   
 the page to enjoy our services seamlessly
Copyright 1999 - 2026 
Polymerupdate.com"
,rHDPE,"[HIGHLIGHT - HDPE] SNAPSHOT: Pakistan (Karachi) market as of July 08, 2026","Click the 
 icon to add a specified price to your Dashboard list. This makes it easy to keep track on the prices that matter most to you.
                
Share This Article
News Type
Products

                        We use cookies to authenticate, authorize, verify, analyze and secure the application. The application will not work with cookies disabled. if the cookies are disabled on your browser, please enable them from browser settings. By clicking 
 , you provide your consent for use of cookies. 

                    
The Browser cookies are disabled and you will not be able to Login to Polymerupdate. Please enable the cookies from the Browser settings by following the instructions provided in the 
. Re-load the page once the cookies are enabled.
Enable cookies from your browser settings and   
 the page to enjoy our services seamlessly
Copyright 1999 - 2026 
Polymerupdate.com",46GP009,151520,149500,"June 10 , 2026",https://www.polymerupdate.com/News/Details/1496740/hdpe,"SNAPSHOT: Pakistan (Karachi) market as of July 08, 2026",,Polymerupdate,"Click the 
 icon to add a specified price to your Dashboard list. This makes it easy to keep track on the prices that matter most to you.
                
Share This Article
News Type
Products

                        We use cookies to authenticate, authorize, verify, analyze and secure the application. The application will not work with cookies disabled. if the cookies are disabled on your browser, please enable them from browser settings. By clicking 
 , you provide your consent for use of cookies. 

                    
The Browser cookies are disabled and you will not be able to Login to Polymerupdate. Please enable the cookies from the Browser settings by following the instructions provided in the 
. Re-load the page once the cookies are enabled.
Enable cookies from your browser settings and   
 the page to enjoy our services seamlessly
Copyright 1999 - 2026 
Polymerupdate.com"
,rHDPE,"[HIGHLIGHT - HDPE] SNAPSHOT: Sri Lanka market as of July 08, 2026","Click the 
 icon to add a specified price to your Dashboard list. This makes it easy to keep track on the prices that matter most to you.
                
Share This Article
News Type
Products

                        We use cookies to authenticate, authorize, verify, analyze and secure the application. The application will not work with cookies disabled. if the cookies are disabled on your browser, please enable them from browser settings. By clicking 
 , you provide your consent for use of cookies. 

                    
The Browser cookies are disabled and you will not be able to Login to Polymerupdate. Please enable the cookies from the Browser settings by following the instructions provided in the 
. Re-load the page once the cookies are enabled.
Enable cookies from your browser settings and   
 the page to enjoy our services seamlessly
Copyright 1999 - 2026 
Polymerupdate.com",52GB002,163360,161340,"June 10 , 2026",https://www.polymerupdate.com/News/Details/1496742/hdpe,"SNAPSHOT: Sri Lanka market as of July 08, 2026",,Polymerupdate,"Click the 
 icon to add a specified price to your Dashboard list. This makes it easy to keep track on the prices that matter most to you.
                
Share This Article
News Type
Products

                        We use cookies to authenticate, authorize, verify, analyze and secure the application. The application will not work with cookies disabled. if the cookies are disabled on your browser, please enable them from browser settings. By clicking 
 , you provide your consent for use of cookies. 

                    
The Browser cookies are disabled and you will not be able to Login to Polymerupdate. Please enable the cookies from the Browser settings by following the instructions provided in the 
. Re-load the page once the cookies are enabled.
Enable cookies from your browser settings and   
 the page to enjoy our services seamlessly
Copyright 1999 - 2026 
Polymerupdate.com"
,rHDPE,"[HIGHLIGHT - HDPE] SNAPSHOT: Sri Lanka market as of July 08, 2026","Click the 
 icon to add a specified price to your Dashboard list. This makes it easy to keep track on the prices that matter most to you.
                
Share This Article
News Type
Products

                        We use cookies to authenticate, authorize, verify, analyze and secure the application. The application will not work with cookies disabled. if the cookies are disabled on your browser, please enable them from browser settings. By clicking 
 , you provide your consent for use of cookies. 

                    
The Browser cookies are disabled and you will not be able to Login to Polymerupdate. Please enable the cookies from the Browser settings by following the instructions provided in the 
. Re-load the page once the cookies are enabled.
Enable cookies from your browser settings and   
 the page to enjoy our services seamlessly
Copyright 1999 - 2026 
Polymerupdate.com",46GP009,151520,149500,"June 10 , 2026",https://www.polymerupdate.com/News/Details/1496742/hdpe,"SNAPSHOT: Sri Lanka market as of July 08, 2026",,Polymerupdate,"Click the 
 icon to add a specified price to your Dashboard list. This makes it easy to keep track on the prices that matter most to you.
                
Share This Article
News Type
Products

                        We use cookies to authenticate, authorize, verify, analyze and secure the application. The application will not work with cookies disabled. if the cookies are disabled on your browser, please enable them from browser settings. By clicking 
 , you provide your consent for use of cookies. 

                    
The Browser cookies are disabled and you will not be able to Login to Polymerupdate. Please enable the cookies from the Browser settings by following the instructions provided in the 
. Re-load the page once the cookies are enabled.
Enable cookies from your browser settings and   
 the page to enjoy our services seamlessly
Copyright 1999 - 2026 
Polymerupdate.com"
,rHDPE,[HIGHLIGHT - HDPE] Recent offers for High density polyethylene (HDPE Injection) in Mozambique,"Click the 
 icon to add a specified price to your Dashboard list. This makes it easy to keep track on the prices that matter most to you.
                
Share This Article
News Type
Products

                        We use cookies to authenticate, authorize, verify, analyze and secure the application. The application will not work with cookies disabled. if the cookies are disabled on your browser, please enable them from browser settings. By clicking 
 , you provide your consent for use of cookies. 

                    
The Browser cookies are disabled and you will not be able to Login to Polymerupdate. Please enable the cookies from the Browser settings by following the instructions provided in the 
. Re-load the page once the cookies are enabled.
Enable cookies from your browser settings and   
 the page to enjoy our services seamlessly
Copyright 1999 - 2026 
Polymerupdate.com",52GB002,163360,161340,"June 10 , 2026",https://www.polymerupdate.com/News/Details/1496764/hdpe,Recent offers for High density polyethylene (HDPE Injection) in Mozambique,,Polymerupdate,"Click the 
 icon to add a specified price to your Dashboard list. This makes it easy to keep track on the prices that matter most to you.
                
Share This Article
News Type
Products

                        We use cookies to authenticate, authorize, verify, analyze and secure the application. The application will not work with cookies disabled. if the cookies are disabled on your browser, please enable them from browser settings. By clicking 
 , you provide your consent for use of cookies. 

                    
The Browser cookies are disabled and you will not be able to Login to Polymerupdate. Please enable the cookies from the Browser settings by following the instructions provided in the 
. Re-load the page once the cookies are enabled.
Enable cookies from your browser settings and   
 the page to enjoy our services seamlessly
Copyright 1999 - 2026 
Polymerupdate.com"
,rHDPE,[HIGHLIGHT - HDPE] Recent offers for High density polyethylene (HDPE Injection) in Mozambique,"Click the 
 icon to add a specified price to your Dashboard list. This makes it easy to keep track on the prices that matter most to you.
                
Share This Article
News Type
Products

                        We use cookies to authenticate, authorize, verify, analyze and secure the application. The application will not work with cookies disabled. if the cookies are disabled on your browser, please enable them from browser settings. By clicking 
 , you provide your consent for use of cookies. 

                    
The Browser cookies are disabled and you will not be able to Login to Polymerupdate. Please enable the cookies from the Browser settings by following the instructions provided in the 
. Re-load the page once the cookies are enabled.
Enable cookies from your browser settings and   
 the page to enjoy our services seamlessly
Copyright 1999 - 2026 
Polymerupdate.com",46GP009,151520,149500,"June 10 , 2026",https://www.polymerupdate.com/News/Details/1496764/hdpe,Recent offers for High density polyethylene (HDPE Injection) in Mozambique,,Polymerupdate,"Click the 
 icon to add a specified price to your Dashboard list. This makes it easy to keep track on the prices that matter most to you.
                
Share This Article
News Type
Products

                        We use cookies to authenticate, authorize, verify, analyze and secure the application. The application will not work with cookies disabled. if the cookies are disabled on your browser, please enable them from browser settings. By clicking 
 , you provide your consent for use of cookies. 

                    
The Browser cookies are disabled and you will not be able to Login to Polymerupdate. Please enable the cookies from the Browser settings by following the instructions provided in the 
. Re-load the page once the cookies are enabled.
Enable cookies from your browser settings and   
 the page to enjoy our services seamlessly
Copyright 1999 - 2026 
Polymerupdate.com"
,rHDPE,"[HIGHLIGHT - HDPE] SNAPSHOT: Kolkata market as of July 08, 2026","Click the 
 icon to add a specified price to your Dashboard list. This makes it easy to keep track on the prices that matter most to you.
                
Share This Article
News Type
Products

                        We use cookies to authenticate, authorize, verify, analyze and secure the application. The application will not work with cookies disabled. if the cookies are disabled on your browser, please enable them from browser settings. By clicking 
 , you provide your consent for use of cookies. 

                    
The Browser cookies are disabled and you will not be able to Login to Polymerupdate. Please enable the cookies from the Browser settings by following the instructions provided in the 
. Re-load the page once the cookies are enabled.
Enable cookies from your browser settings and   
 the page to enjoy our services seamlessly
Copyright 1999 - 2026 
Polymerupdate.com",52GB002,163360,161340,"June 10 , 2026",https://www.polymerupdate.com/News/Details/1496745/hdpe,"SNAPSHOT: Kolkata market as of July 08, 2026",,Polymerupdate,"Click the 
 icon to add a specified price to your Dashboard list. This makes it easy to keep track on the prices that matter most to you.
                
Share This Article
News Type
Products

                        We use cookies to authenticate, authorize, verify, analyze and secure the application. The application will not work with cookies disabled. if the cookies are disabled on your browser, please enable them from browser settings. By clicking 
 , you provide your consent for use of cookies. 

                    
The Browser cookies are disabled and you will not be able to Login to Polymerupdate. Please enable the cookies from the Browser settings by following the instructions provided in the 
. Re-load the page once the cookies are enabled.
Enable cookies from your browser settings and   
 the page to enjoy our services seamlessly
Copyright 1999 - 2026 
Polymerupdate.com"
,rHDPE,"[HIGHLIGHT - HDPE] SNAPSHOT: Kolkata market as of July 08, 2026","Click the 
 icon to add a specified price to your Dashboard list. This makes it easy to keep track on the prices that matter most to you.
                
Share This Article
News Type
Products

                        We use cookies to authenticate, authorize, verify, analyze and secure the application. The application will not work with cookies disabled. if the cookies are disabled on your browser, please enable them from browser settings. By clicking 
 , you provide your consent for use of cookies. 

                    
The Browser cookies are disabled and you will not be able to Login to Polymerupdate. Please enable the cookies from the Browser settings by following the instructions provided in the 
. Re-load the page once the cookies are enabled.
Enable cookies from your browser settings and   
 the page to enjoy our services seamlessly
Copyright 1999 - 2026 
Polymerupdate.com",46GP009,151520,149500,"June 10 , 2026",https://www.polymerupdate.com/News/Details/1496745/hdpe,"SNAPSHOT: Kolkata market as of July 08, 2026",,Polymerupdate,"Click the 
 icon to add a specified price to your Dashboard list. This makes it easy to keep track on the prices that matter most to you.
                
Share This Article
News Type
Products

                        We use cookies to authenticate, authorize, verify, analyze and secure the application. The application will not work with cookies disabled. if the cookies are disabled on your browser, please enable them from browser settings. By clicking 
 , you provide your consent for use of cookies. 

                    
The Browser cookies are disabled and you will not be able to Login to Polymerupdate. Please enable the cookies from the Browser settings by following the instructions provided in the 
. Re-load the page once the cookies are enabled.
Enable cookies from your browser settings and   
 the page to enjoy our services seamlessly
Copyright 1999 - 2026 
Polymerupdate.com"
,rHDPE,"[HIGHLIGHT - HDPE] SNAPSHOT: Rajasthan market as of July 08, 2026","Click the 
 icon to add a specified price to your Dashboard list. This makes it easy to keep track on the prices that matter most to you.
                
Share This Article
News Type
Products

                        We use cookies to authenticate, authorize, verify, analyze and secure the application. The application will not work with cookies disabled. if the cookies are disabled on your browser, please enable them from browser settings. By clicking 
 , you provide your consent for use of cookies. 

                    
The Browser cookies are disabled and you will not be able to Login to Polymerupdate. Please enable the cookies from the Browser settings by following the instructions provided in the 
. Re-load the page once the cookies are enabled.
Enable cookies from your browser settings and   
 the page to enjoy our services seamlessly
Copyright 1999 - 2026 
Polymerupdate.com",52GB002,163360,161340,"June 10 , 2026",https://www.polymerupdate.com/News/Details/1496780/hdpe,"SNAPSHOT: Rajasthan market as of July 08, 2026",,Polymerupdate,"Click the 
 icon to add a specified price to your Dashboard list. This makes it easy to keep track on the prices that matter most to you.
                
Share This Article
News Type
Products

                        We use cookies to authenticate, authorize, verify, analyze and secure the application. The application will not work with cookies disabled. if the cookies are disabled on your browser, please enable them from browser settings. By clicking 
 , you provide your consent for use of cookies. 

                    
The Browser cookies are disabled and you will not be able to Login to Polymerupdate. Please enable the cookies from the Browser settings by following the instructions provided in the 
. Re-load the page once the cookies are enabled.
Enable cookies from your browser settings and   
 the page to enjoy our services seamlessly
Copyright 1999 - 2026 
Polymerupdate.com"
,rHDPE,"[HIGHLIGHT - HDPE] SNAPSHOT: Rajasthan market as of July 08, 2026","Click the 
 icon to add a specified price to your Dashboard list. This makes it easy to keep track on the prices that matter most to you.
                
Share This Article
News Type
Products

                        We use cookies to authenticate, authorize, verify, analyze and secure the application. The application will not work with cookies disabled. if the cookies are disabled on your browser, please enable them from browser settings. By clicking 
 , you provide your consent for use of cookies. 

                    
The Browser cookies are disabled and you will not be able to Login to Polymerupdate. Please enable the cookies from the Browser settings by following the instructions provided in the 
. Re-load the page once the cookies are enabled.
Enable cookies from your browser settings and   
 the page to enjoy our services seamlessly
Copyright 1999 - 2026 
Polymerupdate.com",46GP009,151520,149500,"June 10 , 2026",https://www.polymerupdate.com/News/Details/1496780/hdpe,"SNAPSHOT: Rajasthan market as of July 08, 2026",,Polymerupdate,"Click the 
 icon to add a specified price to your Dashboard list. This makes it easy to keep track on the prices that matter most to you.
                
Share This Article
News Type
Products

                        We use cookies to authenticate, authorize, verify, analyze and secure the application. The application will not work with cookies disabled. if the cookies are disabled on your browser, please enable them from browser settings. By clicking 
 , you provide your consent for use of cookies. 

                    
The Browser cookies are disabled and you will not be able to Login to Polymerupdate. Please enable the cookies from the Browser settings by following the instructions provided in the 
. Re-load the page once the cookies are enabled.
Enable cookies from your browser settings and   
 the page to enjoy our services seamlessly
Copyright 1999 - 2026 
Polymerupdate.com"
,rHDPE,"[HIGHLIGHT - HDPE] SNAPSHOT: Bangalore market as of July 08, 2026","Click the 
 icon to add a specified price to your Dashboard list. This makes it easy to keep track on the prices that matter most to you.
                
Share This Article
News Type
Products

                        We use cookies to authenticate, authorize, verify, analyze and secure the application. The application will not work with cookies disabled. if the cookies are disabled on your browser, please enable them from browser settings. By clicking 
 , you provide your consent for use of cookies. 

                    
The Browser cookies are disabled and you will not be able to Login to Polymerupdate. Please enable the cookies from the Browser settings by following the instructions provided in the 
. Re-load the page once the cookies are enabled.
Enable cookies from your browser settings and   
 the page to enjoy our services seamlessly
Copyright 1999 - 2026 
Polymerupdate.com",52GB002,163360,161340,"June 10 , 2026",https://www.polymerupdate.com/News/Details/1496763/hdpe,"SNAPSHOT: Bangalore market as of July 08, 2026",,Polymerupdate,"Click the 
 icon to add a specified price to your Dashboard list. This makes it easy to keep track on the prices that matter most to you.
                
Share This Article
News Type
Products

                        We use cookies to authenticate, authorize, verify, analyze and secure the application. The application will not work with cookies disabled. if the cookies are disabled on your browser, please enable them from browser settings. By clicking 
 , you provide your consent for use of cookies. 

                    
The Browser cookies are disabled and you will not be able to Login to Polymerupdate. Please enable the cookies from the Browser settings by following the instructions provided in the 
. Re-load the page once the cookies are enabled.
Enable cookies from your browser settings and   
 the page to enjoy our services seamlessly
Copyright 1999 - 2026 
Polymerupdate.com"
,rHDPE,"[HIGHLIGHT - HDPE] SNAPSHOT: Bangalore market as of July 08, 2026","Click the 
 icon to add a specified price to your Dashboard list. This makes it easy to keep track on the prices that matter most to you.
                
Share This Article
News Type
Products

                        We use cookies to authenticate, authorize, verify, analyze and secure the application. The application will not work with cookies disabled. if the cookies are disabled on your browser, please enable them from browser settings. By clicking 
 , you provide your consent for use of cookies. 

                    
The Browser cookies are disabled and you will not be able to Login to Polymerupdate. Please enable the cookies from the Browser settings by following the instructions provided in the 
. Re-load the page once the cookies are enabled.
Enable cookies from your browser settings and   
 the page to enjoy our services seamlessly
Copyright 1999 - 2026 
Polymerupdate.com",46GP009,151520,149500,"June 10 , 2026",https://www.polymerupdate.com/News/Details/1496763/hdpe,"SNAPSHOT: Bangalore market as of July 08, 2026",,Polymerupdate,"Click the 
 icon to add a specified price to your Dashboard list. This makes it easy to keep track on the prices that matter most to you.
                
Share This Article
News Type
Products

                        We use cookies to authenticate, authorize, verify, analyze and secure the application. The application will not work with cookies disabled. if the cookies are disabled on your browser, please enable them from browser settings. By clicking 
 , you provide your consent for use of cookies. 

                    
The Browser cookies are disabled and you will not be able to Login to Polymerupdate. Please enable the cookies from the Browser settings by following the instructions provided in the 
. Re-load the page once the cookies are enabled.
Enable cookies from your browser settings and   
 the page to enjoy our services seamlessly
Copyright 1999 - 2026 
Polymerupdate.com"
,rHDPE,"[HIGHLIGHT - HDPE] SNAPSHOT: Hyderabad market as of July 08, 2026","Click the 
 icon to add a specified price to your Dashboard list. This makes it easy to keep track on the prices that matter most to you.
                
Share This Article
News Type
Products

                        We use cookies to authenticate, authorize, verify, analyze and secure the application. The application will not work with cookies disabled. if the cookies are disabled on your browser, please enable them from browser settings. By clicking 
 , you provide your consent for use of cookies. 

                    
The Browser cookies are disabled and you will not be able to Login to Polymerupdate. Please enable the cookies from the Browser settings by following the instructions provided in the 
. Re-load the page once the cookies are enabled.
Enable cookies from your browser settings and   
 the page to enjoy our services seamlessly
Copyright 1999 - 2026 
Polymerupdate.com",52GB002,163360,161340,"June 10 , 2026",https://www.polymerupdate.com/News/Details/1496786/hdpe,"SNAPSHOT: Hyderabad market as of July 08, 2026",,Polymerupdate,"Click the 
 icon to add a specified price to your Dashboard list. This makes it easy to keep track on the prices that matter most to you.
                
Share This Article
News Type
Products

                        We use cookies to authenticate, authorize, verify, analyze and secure the application. The application will not work with cookies disabled. if the cookies are disabled on your browser, please enable them from browser settings. By clicking 
 , you provide your consent for use of cookies. 

                    
The Browser cookies are disabled and you will not be able to Login to Polymerupdate. Please enable the cookies from the Browser settings by following the instructions provided in the 
. Re-load the page once the cookies are enabled.
Enable cookies from your browser settings and   
 the page to enjoy our services seamlessly
Copyright 1999 - 2026 
Polymerupdate.com"
,rHDPE,"[HIGHLIGHT - HDPE] SNAPSHOT: Hyderabad market as of July 08, 2026","Click the 
 icon to add a specified price to your Dashboard list. This makes it easy to keep track on the prices that matter most to you.
                
Share This Article
News Type
Products

                        We use cookies to authenticate, authorize, verify, analyze and secure the application. The application will not work with cookies disabled. if the cookies are disabled on your browser, please enable them from browser settings. By clicking 
 , you provide your consent for use of cookies. 

                    
The Browser cookies are disabled and you will not be able to Login to Polymerupdate. Please enable the cookies from the Browser settings by following the instructions provided in the 
. Re-load the page once the cookies are enabled.
Enable cookies from your browser settings and   
 the page to enjoy our services seamlessly
Copyright 1999 - 2026 
Polymerupdate.com",46GP009,151520,149500,"June 10 , 2026",https://www.polymerupdate.com/News/Details/1496786/hdpe,"SNAPSHOT: Hyderabad market as of July 08, 2026",,Polymerupdate,"Click the 
 icon to add a specified price to your Dashboard list. This makes it easy to keep track on the prices that matter most to you.
                
Share This Article
News Type
Products

                        We use cookies to authenticate, authorize, verify, analyze and secure the application. The application will not work with cookies disabled. if the cookies are disabled on your browser, please enable them from browser settings. By clicking 
 , you provide your consent for use of cookies. 

                    
The Browser cookies are disabled and you will not be able to Login to Polymerupdate. Please enable the cookies from the Browser settings by following the instructions provided in the 
. Re-load the page once the cookies are enabled.
Enable cookies from your browser settings and   
 the page to enjoy our services seamlessly
Copyright 1999 - 2026 
Polymerupdate.com"
,rHDPE,"[HIGHLIGHT - HDPE] SNAPSHOT: Chennai market as of July 08, 2026","Click the 
 icon to add a specified price to your Dashboard list. This makes it easy to keep track on the prices that matter most to you.
                
Share This Article
News Type
Products

                        We use cookies to authenticate, authorize, verify, analyze and secure the application. The application will not work with cookies disabled. if the cookies are disabled on your browser, please enable them from browser settings. By clicking 
 , you provide your consent for use of cookies. 

                    
The Browser cookies are disabled and you will not be able to Login to Polymerupdate. Please enable the cookies from the Browser settings by following the instructions provided in the 
. Re-load the page once the cookies are enabled.
Enable cookies from your browser settings and   
 the page to enjoy our services seamlessly
Copyright 1999 - 2026 
Polymerupdate.com",52GB002,163360,161340,"June 10 , 2026",https://www.polymerupdate.com/News/Details/1496754/hdpe,"SNAPSHOT: Chennai market as of July 08, 2026",,Polymerupdate,"Click the 
 icon to add a specified price to your Dashboard list. This makes it easy to keep track on the prices that matter most to you.
                
Share This Article
News Type
Products

                        We use cookies to authenticate, authorize, verify, analyze and secure the application. The application will not work with cookies disabled. if the cookies are disabled on your browser, please enable them from browser settings. By clicking 
 , you provide your consent for use of cookies. 

                    
The Browser cookies are disabled and you will not be able to Login to Polymerupdate. Please enable the cookies from the Browser settings by following the instructions provided in the 
. Re-load the page once the cookies are enabled.
Enable cookies from your browser settings and   
 the page to enjoy our services seamlessly
Copyright 1999 - 2026 
Polymerupdate.com"
,rHDPE,"[HIGHLIGHT - HDPE] SNAPSHOT: Chennai market as of July 08, 2026","Click the 
 icon to add a specified price to your Dashboard list. This makes it easy to keep track on the prices that matter most to you.
                
Share This Article
News Type
Products

                        We use cookies to authenticate, authorize, verify, analyze and secure the application. The application will not work with cookies disabled. if the cookies are disabled on your browser, please enable them from browser settings. By clicking 
 , you provide your consent for use of cookies. 

                    
The Browser cookies are disabled and you will not be able to Login to Polymerupdate. Please enable the cookies from the Browser settings by following the instructions provided in the 
. Re-load the page once the cookies are enabled.
Enable cookies from your browser settings and   
 the page to enjoy our services seamlessly
Copyright 1999 - 2026 
Polymerupdate.com",46GP009,151520,149500,"June 10 , 2026",https://www.polymerupdate.com/News/Details/1496754/hdpe,"SNAPSHOT: Chennai market as of July 08, 2026",,Polymerupdate,"Click the 
 icon to add a specified price to your Dashboard list. This makes it easy to keep track on the prices that matter most to you.
                
Share This Article
News Type
Products

                        We use cookies to authenticate, authorize, verify, analyze and secure the application. The application will not work with cookies disabled. if the cookies are disabled on your browser, please enable them from browser settings. By clicking 
 , you provide your consent for use of cookies. 

                    
The Browser cookies are disabled and you will not be able to Login to Polymerupdate. Please enable the cookies from the Browser settings by following the instructions provided in the 
. Re-load the page once the cookies are enabled.
Enable cookies from your browser settings and   
 the page to enjoy our services seamlessly
Copyright 1999 - 2026 
Polymerupdate.com"
,rHDPE,"[HIGHLIGHT - HDPE] SNAPSHOT: Delhi market as of July 08, 2026","Click the 
 icon to add a specified price to your Dashboard list. This makes it easy to keep track on the prices that matter most to you.
                
Share This Article
News Type
Products

                        We use cookies to authenticate, authorize, verify, analyze and secure the application. The application will not work with cookies disabled. if the cookies are disabled on your browser, please enable them from browser settings. By clicking 
 , you provide your consent for use of cookies. 

                    
The Browser cookies are disabled and you will not be able to Login to Polymerupdate. Please enable the cookies from the Browser settings by following the instructions provided in the 
. Re-load the page once the cookies are enabled.
Enable cookies from your browser settings and   
 the page to enjoy our services seamlessly
Copyright 1999 - 2026 
Polymerupdate.com",52GB002,163360,161340,"June 10 , 2026",https://www.polymerupdate.com/News/Details/1496744/hdpe,"SNAPSHOT: Delhi market as of July 08, 2026",,Polymerupdate,"Click the 
 icon to add a specified price to your Dashboard list. This makes it easy to keep track on the prices that matter most to you.
                
Share This Article
News Type
Products

                        We use cookies to authenticate, authorize, verify, analyze and secure the application. The application will not work with cookies disabled. if the cookies are disabled on your browser, please enable them from browser settings. By clicking 
 , you provide your consent for use of cookies. 

                    
The Browser cookies are disabled and you will not be able to Login to Polymerupdate. Please enable the cookies from the Browser settings by following the instructions provided in the 
. Re-load the page once the cookies are enabled.
Enable cookies from your browser settings and   
 the page to enjoy our services seamlessly
Copyright 1999 - 2026 
Polymerupdate.com"
,rHDPE,"[HIGHLIGHT - HDPE] SNAPSHOT: Delhi market as of July 08, 2026","Click the 
 icon to add a specified price to your Dashboard list. This makes it easy to keep track on the prices that matter most to you.
                
Share This Article
News Type
Products

                        We use cookies to authenticate, authorize, verify, analyze and secure the application. The application will not work with cookies disabled. if the cookies are disabled on your browser, please enable them from browser settings. By clicking 
 , you provide your consent for use of cookies. 

                    
The Browser cookies are disabled and you will not be able to Login to Polymerupdate. Please enable the cookies from the Browser settings by following the instructions provided in the 
. Re-load the page once the cookies are enabled.
Enable cookies from your browser settings and   
 the page to enjoy our services seamlessly
Copyright 1999 - 2026 
Polymerupdate.com",46GP009,151520,149500,"June 10 , 2026",https://www.polymerupdate.com/News/Details/1496744/hdpe,"SNAPSHOT: Delhi market as of July 08, 2026",,Polymerupdate,"Click the 
 icon to add a specified price to your Dashboard list. This makes it easy to keep track on the prices that matter most to you.
                
Share This Article
News Type
Products

                        We use cookies to authenticate, authorize, verify, analyze and secure the application. The application will not work with cookies disabled. if the cookies are disabled on your browser, please enable them from browser settings. By clicking 
 , you provide your consent for use of cookies. 

                    
The Browser cookies are disabled and you will not be able to Login to Polymerupdate. Please enable the cookies from the Browser settings by following the instructions provided in the 
. Re-load the page once the cookies are enabled.
Enable cookies from your browser settings and   
 the page to enjoy our services seamlessly
Copyright 1999 - 2026 
Polymerupdate.com"
,rHDPE,"[HIGHLIGHT - HDPE] SNAPSHOT: Ahmedabad market as of July 08, 2026","Click the 
 icon to add a specified price to your Dashboard list. This makes it easy to keep track on the prices that matter most to you.
                
Share This Article
News Type
Products

                        We use cookies to authenticate, authorize, verify, analyze and secure the application. The application will not work with cookies disabled. if the cookies are disabled on your browser, please enable them from browser settings. By clicking 
 , you provide your consent for use of cookies. 

                    
The Browser cookies are disabled and you will not be able to Login to Polymerupdate. Please enable the cookies from the Browser settings by following the instructions provided in the 
. Re-load the page once the cookies are enabled.
Enable cookies from your browser settings and   
 the page to enjoy our services seamlessly
Copyright 1999 - 2026 
Polymerupdate.com",52GB002,163360,161340,"June 10 , 2026",https://www.polymerupdate.com/News/Details/1496778/hdpe,"SNAPSHOT: Ahmedabad market as of July 08, 2026",,Polymerupdate,"Click the 
 icon to add a specified price to your Dashboard list. This makes it easy to keep track on the prices that matter most to you.
                
Share This Article
News Type
Products

                        We use cookies to authenticate, authorize, verify, analyze and secure the application. The application will not work with cookies disabled. if the cookies are disabled on your browser, please enable them from browser settings. By clicking 
 , you provide your consent for use of cookies. 

                    
The Browser cookies are disabled and you will not be able to Login to Polymerupdate. Please enable the cookies from the Browser settings by following the instructions provided in the 
. Re-load the page once the cookies are enabled.
Enable cookies from your browser settings and   
 the page to enjoy our services seamlessly
Copyright 1999 - 2026 
Polymerupdate.com"
,rHDPE,"[HIGHLIGHT - HDPE] SNAPSHOT: Ahmedabad market as of July 08, 2026","Click the 
 icon to add a specified price to your Dashboard list. This makes it easy to keep track on the prices that matter most to you.
                
Share This Article
News Type
Products

                        We use cookies to authenticate, authorize, verify, analyze and secure the application. The application will not work with cookies disabled. if the cookies are disabled on your browser, please enable them from browser settings. By clicking 
 , you provide your consent for use of cookies. 

                    
The Browser cookies are disabled and you will not be able to Login to Polymerupdate. Please enable the cookies from the Browser settings by following the instructions provided in the 
. Re-load the page once the cookies are enabled.
Enable cookies from your browser settings and   
 the page to enjoy our services seamlessly
Copyright 1999 - 2026 
Polymerupdate.com",46GP009,151520,149500,"June 10 , 2026",https://www.polymerupdate.com/News/Details/1496778/hdpe,"SNAPSHOT: Ahmedabad market as of July 08, 2026",,Polymerupdate,"Click the 
 icon to add a specified price to your Dashboard list. This makes it easy to keep track on the prices that matter most to you.
                
Share This Article
News Type
Products

                        We use cookies to authenticate, authorize, verify, analyze and secure the application. The application will not work with cookies disabled. if the cookies are disabled on your browser, please enable them from browser settings. By clicking 
 , you provide your consent for use of cookies. 

                    
The Browser cookies are disabled and you will not be able to Login to Polymerupdate. Please enable the cookies from the Browser settings by following the instructions provided in the 
. Re-load the page once the cookies are enabled.
Enable cookies from your browser settings and   
 the page to enjoy our services seamlessly
Copyright 1999 - 2026 
Polymerupdate.com"
,rHDPE,"[HIGHLIGHT - HDPE] SNAPSHOT: Punjab market as of July 08, 2026","Click the 
 icon to add a specified price to your Dashboard list. This makes it easy to keep track on the prices that matter most to you.
                
Share This Article
News Type
Products

                        We use cookies to authenticate, authorize, verify, analyze and secure the application. The application will not work with cookies disabled. if the cookies are disabled on your browser, please enable them from browser settings. By clicking 
 , you provide your consent for use of cookies. 

                    
The Browser cookies are disabled and you will not be able to Login to Polymerupdate. Please enable the cookies from the Browser settings by following the instructions provided in the 
. Re-load the page once the cookies are enabled.
Enable cookies from your browser settings and   
 the page to enjoy our services seamlessly
Copyright 1999 - 2026 
Polymerupdate.com",52GB002,163360,161340,"June 10 , 2026",https://www.polymerupdate.com/News/Details/1496781/hdpe,"SNAPSHOT: Punjab market as of July 08, 2026",,Polymerupdate,"Click the 
 icon to add a specified price to your Dashboard list. This makes it easy to keep track on the prices that matter most to you.
                
Share This Article
News Type
Products

                        We use cookies to authenticate, authorize, verify, analyze and secure the application. The application will not work with cookies disabled. if the cookies are disabled on your browser, please enable them from browser settings. By clicking 
 , you provide your consent for use of cookies. 

                    
The Browser cookies are disabled and you will not be able to Login to Polymerupdate. Please enable the cookies from the Browser settings by following the instructions provided in the 
. Re-load the page once the cookies are enabled.
Enable cookies from your browser settings and   
 the page to enjoy our services seamlessly
Copyright 1999 - 2026 
Polymerupdate.com"
,rHDPE,"[HIGHLIGHT - HDPE] SNAPSHOT: Punjab market as of July 08, 2026","Click the 
 icon to add a specified price to your Dashboard list. This makes it easy to keep track on the prices that matter most to you.
                
Share This Article
News Type
Products

                        We use cookies to authenticate, authorize, verify, analyze and secure the application. The application will not work with cookies disabled. if the cookies are disabled on your browser, please enable them from browser settings. By clicking 
 , you provide your consent for use of cookies. 

                    
The Browser cookies are disabled and you will not be able to Login to Polymerupdate. Please enable the cookies from the Browser settings by following the instructions provided in the 
. Re-load the page once the cookies are enabled.
Enable cookies from your browser settings and   
 the page to enjoy our services seamlessly
Copyright 1999 - 2026 
Polymerupdate.com",46GP009,151520,149500,"June 10 , 2026",https://www.polymerupdate.com/News/Details/1496781/hdpe,"SNAPSHOT: Punjab market as of July 08, 2026",,Polymerupdate,"Click the 
 icon to add a specified price to your Dashboard list. This makes it easy to keep track on the prices that matter most to you.
                
Share This Article
News Type
Products

                        We use cookies to authenticate, authorize, verify, analyze and secure the application. The application will not work with cookies disabled. if the cookies are disabled on your browser, please enable them from browser settings. By clicking 
 , you provide your consent for use of cookies. 

                    
The Browser cookies are disabled and you will not be able to Login to Polymerupdate. Please enable the cookies from the Browser settings by following the instructions provided in the 
. Re-load the page once the cookies are enabled.
Enable cookies from your browser settings and   
 the page to enjoy our services seamlessly
Copyright 1999 - 2026 
Polymerupdate.com"
,rHDPE,"[HIGHLIGHT - HDPE] Indian Open Markets Price Table – July 8, 2026","Click the 
 icon to add a specified price to your Dashboard list. This makes it easy to keep track on the prices that matter most to you.
                
Share This Article
News Type
Products

                        We use cookies to authenticate, authorize, verify, analyze and secure the application. The application will not work with cookies disabled. if the cookies are disabled on your browser, please enable them from browser settings. By clicking 
 , you provide your consent for use of cookies. 

                    
The Browser cookies are disabled and you will not be able to Login to Polymerupdate. Please enable the cookies from the Browser settings by following the instructions provided in the 
. Re-load the page once the cookies are enabled.
Enable cookies from your browser settings and   
 the page to enjoy our services seamlessly
Copyright 1999 - 2026 
Polymerupdate.com",52GB002,163360,161340,"June 10 , 2026",https://www.polymerupdate.com/News/Details/1496811/hdpe,"Indian Open Markets Price Table – July 8, 2026",,Polymerupdate,"Click the 
 icon to add a specified price to your Dashboard list. This makes it easy to keep track on the prices that matter most to you.
                
Share This Article
News Type
Products

                        We use cookies to authenticate, authorize, verify, analyze and secure the application. The application will not work with cookies disabled. if the cookies are disabled on your browser, please enable them from browser settings. By clicking 
 , you provide your consent for use of cookies. 

                    
The Browser cookies are disabled and you will not be able to Login to Polymerupdate. Please enable the cookies from the Browser settings by following the instructions provided in the 
. Re-load the page once the cookies are enabled.
Enable cookies from your browser settings and   
 the page to enjoy our services seamlessly
Copyright 1999 - 2026 
Polymerupdate.com"
,rHDPE,"[HIGHLIGHT - HDPE] Indian Open Markets Price Table – July 8, 2026","Click the 
 icon to add a specified price to your Dashboard list. This makes it easy to keep track on the prices that matter most to you.
                
Share This Article
News Type
Products

                        We use cookies to authenticate, authorize, verify, analyze and secure the application. The application will not work with cookies disabled. if the cookies are disabled on your browser, please enable them from browser settings. By clicking 
 , you provide your consent for use of cookies. 

                    
The Browser cookies are disabled and you will not be able to Login to Polymerupdate. Please enable the cookies from the Browser settings by following the instructions provided in the 
. Re-load the page once the cookies are enabled.
Enable cookies from your browser settings and   
 the page to enjoy our services seamlessly
Copyright 1999 - 2026 
Polymerupdate.com",46GP009,151520,149500,"June 10 , 2026",https://www.polymerupdate.com/News/Details/1496811/hdpe,"Indian Open Markets Price Table – July 8, 2026",,Polymerupdate,"Click the 
 icon to add a specified price to your Dashboard list. This makes it easy to keep track on the prices that matter most to you.
                
Share This Article
News Type
Products

                        We use cookies to authenticate, authorize, verify, analyze and secure the application. The application will not work with cookies disabled. if the cookies are disabled on your browser, please enable them from browser settings. By clicking 
 , you provide your consent for use of cookies. 

                    
The Browser cookies are disabled and you will not be able to Login to Polymerupdate. Please enable the cookies from the Browser settings by following the instructions provided in the 
. Re-load the page once the cookies are enabled.
Enable cookies from your browser settings and   
 the page to enjoy our services seamlessly
Copyright 1999 - 2026 
Polymerupdate.com"
,LLDPE,"SNAPSHOT: Patna market as of July 08, 2026","Click the 
 icon to add a specified price to your Dashboard list. This makes it easy to keep track on the prices that matter most to you.
                
Share This Article
News Type
Products

                        We use cookies to authenticate, authorize, verify, analyze and secure the application. The application will not work with cookies disabled. if the cookies are disabled on your browser, please enable them from browser settings. By clicking 
 , you provide your consent for use of cookies. 

                    
The Browser cookies are disabled and you will not be able to Login to Polymerupdate. Please enable the cookies from the Browser settings by following the instructions provided in the 
. Re-load the page once the cookies are enabled.
Enable cookies from your browser settings and   
 the page to enjoy our services seamlessly
Copyright 1999 - 2026 
Polymerupdate.com",N/A,N/A,N/A,N/A,https://www.polymerupdate.com/News/Details/1496804/lldpe,"SNAPSHOT: Patna market as of July 08, 2026",,Polymerupdate,"Click the 
 icon to add a specified price to your Dashboard list. This makes it easy to keep track on the prices that matter most to you.
                
Share This Article
News Type
Products

                        We use cookies to authenticate, authorize, verify, analyze and secure the application. The application will not work with cookies disabled. if the cookies are disabled on your browser, please enable them from browser settings. By clicking 
 , you provide your consent for use of cookies. 

                    
The Browser cookies are disabled and you will not be able to Login to Polymerupdate. Please enable the cookies from the Browser settings by following the instructions provided in the 
. Re-load the page once the cookies are enabled.
Enable cookies from your browser settings and   
 the page to enjoy our services seamlessly
Copyright 1999 - 2026 
Polymerupdate.com"
,LLDPE,"SNAPSHOT: Bangladesh market as of July 08, 2026","Click the 
 icon to add a specified price to your Dashboard list. This makes it easy to keep track on the prices that matter most to you.
                
Share This Article
News Type
Products

                        We use cookies to authenticate, authorize, verify, analyze and secure the application. The application will not work with cookies disabled. if the cookies are disabled on your browser, please enable them from browser settings. By clicking 
 , you provide your consent for use of cookies. 

                    
The Browser cookies are disabled and you will not be able to Login to Polymerupdate. Please enable the cookies from the Browser settings by following the instructions provided in the 
. Re-load the page once the cookies are enabled.
Enable cookies from your browser settings and   
 the page to enjoy our services seamlessly
Copyright 1999 - 2026 
Polymerupdate.com",N/A,N/A,N/A,N/A,https://www.polymerupdate.com/News/Details/1496741/lldpe,"SNAPSHOT: Bangladesh market as of July 08, 2026",,Polymerupdate,"Click the 
 icon to add a specified price to your Dashboard list. This makes it easy to keep track on the prices that matter most to you.
                
Share This Article
News Type
Products

                        We use cookies to authenticate, authorize, verify, analyze and secure the application. The application will not work with cookies disabled. if the cookies are disabled on your browser, please enable them from browser settings. By clicking 
 , you provide your consent for use of cookies. 

                    
The Browser cookies are disabled and you will not be able to Login to Polymerupdate. Please enable the cookies from the Browser settings by following the instructions provided in the 
. Re-load the page once the cookies are enabled.
Enable cookies from your browser settings and   
 the page to enjoy our services seamlessly
Copyright 1999 - 2026 
Polymerupdate.com"
,LLDPE,"SNAPSHOT: Sri Lanka market as of July 08, 2026","Click the 
 icon to add a specified price to your Dashboard list. This makes it easy to keep track on the prices that matter most to you.
                
Share This Article
News Type
Products

                        We use cookies to authenticate, authorize, verify, analyze and secure the application. The application will not work with cookies disabled. if the cookies are disabled on your browser, please enable them from browser settings. By clicking 
 , you provide your consent for use of cookies. 

                    
The Browser cookies are disabled and you will not be able to Login to Polymerupdate. Please enable the cookies from the Browser settings by following the instructions provided in the 
. Re-load the page once the cookies are enabled.
Enable cookies from your browser settings and   
 the page to enjoy our services seamlessly
Copyright 1999 - 2026 
Polymerupdate.com",N/A,N/A,N/A,N/A,https://www.polymerupdate.com/News/Details/1496742/lldpe,"SNAPSHOT: Sri Lanka market as of July 08, 2026",,Polymerupdate,"Click the 
 icon to add a specified price to your Dashboard list. This makes it easy to keep track on the prices that matter most to you.
                
Share This Article
News Type
Products

                        We use cookies to authenticate, authorize, verify, analyze and secure the application. The application will not work with cookies disabled. if the cookies are disabled on your browser, please enable them from browser settings. By clicking 
 , you provide your consent for use of cookies. 

                    
The Browser cookies are disabled and you will not be able to Login to Polymerupdate. Please enable the cookies from the Browser settings by following the instructions provided in the 
. Re-load the page once the cookies are enabled.
Enable cookies from your browser settings and   
 the page to enjoy our services seamlessly
Copyright 1999 - 2026 
Polymerupdate.com"
,LLDPE,"SNAPSHOT: Kerala market as of July 08, 2026","Click the 
 icon to add a specified price to your Dashboard list. This makes it easy to keep track on the prices that matter most to you.
                
Share This Article
News Type
Products

                        We use cookies to authenticate, authorize, verify, analyze and secure the application. The application will not work with cookies disabled. if the cookies are disabled on your browser, please enable them from browser settings. By clicking 
 , you provide your consent for use of cookies. 

                    
The Browser cookies are disabled and you will not be able to Login to Polymerupdate. Please enable the cookies from the Browser settings by following the instructions provided in the 
. Re-load the page once the cookies are enabled.
Enable cookies from your browser settings and   
 the page to enjoy our services seamlessly
Copyright 1999 - 2026 
Polymerupdate.com",N/A,N/A,N/A,N/A,https://www.polymerupdate.com/News/Details/1496787/lldpe,"SNAPSHOT: Kerala market as of July 08, 2026",,Polymerupdate,"Click the 
 icon to add a specified price to your Dashboard list. This makes it easy to keep track on the prices that matter most to you.
                
Share This Article
News Type
Products

                        We use cookies to authenticate, authorize, verify, analyze and secure the application. The application will not work with cookies disabled. if the cookies are disabled on your browser, please enable them from browser settings. By clicking 
 , you provide your consent for use of cookies. 

                    
The Browser cookies are disabled and you will not be able to Login to Polymerupdate. Please enable the cookies from the Browser settings by following the instructions provided in the 
. Re-load the page once the cookies are enabled.
Enable cookies from your browser settings and   
 the page to enjoy our services seamlessly
Copyright 1999 - 2026 
Polymerupdate.com"
,LLDPE,"SNAPSHOT: Mumbai market as of July 08, 2026","Click the 
 icon to add a specified price to your Dashboard list. This makes it easy to keep track on the prices that matter most to you.
                
Share This Article
News Type
Products

                        We use cookies to authenticate, authorize, verify, analyze and secure the application. The application will not work with cookies disabled. if the cookies are disabled on your browser, please enable them from browser settings. By clicking 
 , you provide your consent for use of cookies. 

                    
The Browser cookies are disabled and you will not be able to Login to Polymerupdate. Please enable the cookies from the Browser settings by following the instructions provided in the 
. Re-load the page once the cookies are enabled.
Enable cookies from your browser settings and   
 the page to enjoy our services seamlessly
Copyright 1999 - 2026 
Polymerupdate.com",N/A,N/A,N/A,N/A,https://www.polymerupdate.com/News/Details/1496738/lldpe,"SNAPSHOT: Mumbai market as of July 08, 2026",,Polymerupdate,"Click the 
 icon to add a specified price to your Dashboard list. This makes it easy to keep track on the prices that matter most to you.
                
Share This Article
News Type
Products

                        We use cookies to authenticate, authorize, verify, analyze and secure the application. The application will not work with cookies disabled. if the cookies are disabled on your browser, please enable them from browser settings. By clicking 
 , you provide your consent for use of cookies. 

                    
The Browser cookies are disabled and you will not be able to Login to Polymerupdate. Please enable the cookies from the Browser settings by following the instructions provided in the 
. Re-load the page once the cookies are enabled.
Enable cookies from your browser settings and   
 the page to enjoy our services seamlessly
Copyright 1999 - 2026 
Polymerupdate.com"
,LLDPE,A Middle Eastern producer offers Linear low density polyethylene (LLDPE Film) in Southeast Asia,"Click the 
 icon to add a specified price to your Dashboard list. This makes it easy to keep track on the prices that matter most to you.
                
Share This Article
News Type
Products

                        We use cookies to authenticate, authorize, verify, analyze and secure the application. The application will not work with cookies disabled. if the cookies are disabled on your browser, please enable them from browser settings. By clicking 
 , you provide your consent for use of cookies. 

                    
The Browser cookies are disabled and you will not be able to Login to Polymerupdate. Please enable the cookies from the Browser settings by following the instructions provided in the 
. Re-load the page once the cookies are enabled.
Enable cookies from your browser settings and   
 the page to enjoy our services seamlessly
Copyright 1999 - 2026 
Polymerupdate.com",N/A,N/A,N/A,N/A,https://www.polymerupdate.com/News/Details/1496791/lldpe,A Middle Eastern producer offers Linear low density polyethylene (LLDPE Film) in Southeast Asia,,Polymerupdate,"Click the 
 icon to add a specified price to your Dashboard list. This makes it easy to keep track on the prices that matter most to you.
                
Share This Article
News Type
Products

                        We use cookies to authenticate, authorize, verify, analyze and secure the application. The application will not work with cookies disabled. if the cookies are disabled on your browser, please enable them from browser settings. By clicking 
 , you provide your consent for use of cookies. 

                    
The Browser cookies are disabled and you will not be able to Login to Polymerupdate. Please enable the cookies from the Browser settings by following the instructions provided in the 
. Re-load the page once the cookies are enabled.
Enable cookies from your browser settings and   
 the page to enjoy our services seamlessly
Copyright 1999 - 2026 
Polymerupdate.com"
,LLDPE,A Saudi Arabian producer offers Linear low density polyethylene (LLDPE Film) in Pakistan,"Click the 
 icon to add a specified price to your Dashboard list. This makes it easy to keep track on the prices that matter most to you.
                
Share This Article
News Type
Products

                        We use cookies to authenticate, authorize, verify, analyze and secure the application. The application will not work with cookies disabled. if the cookies are disabled on your browser, please enable them from browser settings. By clicking 
 , you provide your consent for use of cookies. 

                    
The Browser cookies are disabled and you will not be able to Login to Polymerupdate. Please enable the cookies from the Browser settings by following the instructions provided in the 
. Re-load the page once the cookies are enabled.
Enable cookies from your browser settings and   
 the page to enjoy our services seamlessly
Copyright 1999 - 2026 
Polymerupdate.com",N/A,N/A,N/A,N/A,https://www.polymerupdate.com/News/Details/1496797/lldpe,A Saudi Arabian producer offers Linear low density polyethylene (LLDPE Film) in Pakistan,,Polymerupdate,"Click the 
 icon to add a specified price to your Dashboard list. This makes it easy to keep track on the prices that matter most to you.
                
Share This Article
News Type
Products

                        We use cookies to authenticate, authorize, verify, analyze and secure the application. The application will not work with cookies disabled. if the cookies are disabled on your browser, please enable them from browser settings. By clicking 
 , you provide your consent for use of cookies. 

                    
The Browser cookies are disabled and you will not be able to Login to Polymerupdate. Please enable the cookies from the Browser settings by following the instructions provided in the 
. Re-load the page once the cookies are enabled.
Enable cookies from your browser settings and   
 the page to enjoy our services seamlessly
Copyright 1999 - 2026 
Polymerupdate.com"
,LLDPE,"SNAPSHOT: Nepal market as of July 08, 2026","Click the 
 icon to add a specified price to your Dashboard list. This makes it easy to keep track on the prices that matter most to you.
                
Share This Article
News Type
Products

                        We use cookies to authenticate, authorize, verify, analyze and secure the application. The application will not work with cookies disabled. if the cookies are disabled on your browser, please enable them from browser settings. By clicking 
 , you provide your consent for use of cookies. 

                    
The Browser cookies are disabled and you will not be able to Login to Polymerupdate. Please enable the cookies from the Browser settings by following the instructions provided in the 
. Re-load the page once the cookies are enabled.
Enable cookies from your browser settings and   
 the page to enjoy our services seamlessly
Copyright 1999 - 2026 
Polymerupdate.com",N/A,N/A,N/A,N/A,https://www.polymerupdate.com/News/Details/1496743/lldpe,"SNAPSHOT: Nepal market as of July 08, 2026",,Polymerupdate,"Click the 
 icon to add a specified price to your Dashboard list. This makes it easy to keep track on the prices that matter most to you.
                
Share This Article
News Type
Products

                        We use cookies to authenticate, authorize, verify, analyze and secure the application. The application will not work with cookies disabled. if the cookies are disabled on your browser, please enable them from browser settings. By clicking 
 , you provide your consent for use of cookies. 

                    
The Browser cookies are disabled and you will not be able to Login to Polymerupdate. Please enable the cookies from the Browser settings by following the instructions provided in the 
. Re-load the page once the cookies are enabled.
Enable cookies from your browser settings and   
 the page to enjoy our services seamlessly
Copyright 1999 - 2026 
Polymerupdate.com"
,LLDPE,"SNAPSHOT: Indore market as of July 08, 2026","Click the 
 icon to add a specified price to your Dashboard list. This makes it easy to keep track on the prices that matter most to you.
                
Share This Article
News Type
Products

                        We use cookies to authenticate, authorize, verify, analyze and secure the application. The application will not work with cookies disabled. if the cookies are disabled on your browser, please enable them from browser settings. By clicking 
 , you provide your consent for use of cookies. 

                    
The Browser cookies are disabled and you will not be able to Login to Polymerupdate. Please enable the cookies from the Browser settings by following the instructions provided in the 
. Re-load the page once the cookies are enabled.
Enable cookies from your browser settings and   
 the page to enjoy our services seamlessly
Copyright 1999 - 2026 
Polymerupdate.com",N/A,N/A,N/A,N/A,https://www.polymerupdate.com/News/Details/1496801/lldpe,"SNAPSHOT: Indore market as of July 08, 2026",,Polymerupdate,"Click the 
 icon to add a specified price to your Dashboard list. This makes it easy to keep track on the prices that matter most to you.
                
Share This Article
News Type
Products

                        We use cookies to authenticate, authorize, verify, analyze and secure the application. The application will not work with cookies disabled. if the cookies are disabled on your browser, please enable them from browser settings. By clicking 
 , you provide your consent for use of cookies. 

                    
The Browser cookies are disabled and you will not be able to Login to Polymerupdate. Please enable the cookies from the Browser settings by following the instructions provided in the 
. Re-load the page once the cookies are enabled.
Enable cookies from your browser settings and   
 the page to enjoy our services seamlessly
Copyright 1999 - 2026 
Polymerupdate.com"
,rHDPE,"[HIGHLIGHT - HDPE] Domestic prices of Ethylene China as of July 08, 2026","Click the 
 icon to add a specified price to your Dashboard list. This makes it easy to keep track on the prices that matter most to you.
                
Share This Article
News Type
Products

                        We use cookies to authenticate, authorize, verify, analyze and secure the application. The application will not work with cookies disabled. if the cookies are disabled on your browser, please enable them from browser settings. By clicking 
 , you provide your consent for use of cookies. 

                    
The Browser cookies are disabled and you will not be able to Login to Polymerupdate. Please enable the cookies from the Browser settings by following the instructions provided in the 
. Re-load the page once the cookies are enabled.
Enable cookies from your browser settings and   
 the page to enjoy our services seamlessly
Copyright 1999 - 2026 
Polymerupdate.com",52GB002,163360,161340,"June 10 , 2026",https://www.polymerupdate.com/News/Details/1496656/hdpe,"Domestic prices of Ethylene China as of July 08, 2026",,Polymerupdate,"Click the 
 icon to add a specified price to your Dashboard list. This makes it easy to keep track on the prices that matter most to you.
                
Share This Article
News Type
Products

                        We use cookies to authenticate, authorize, verify, analyze and secure the application. The application will not work with cookies disabled. if the cookies are disabled on your browser, please enable them from browser settings. By clicking 
 , you provide your consent for use of cookies. 

                    
The Browser cookies are disabled and you will not be able to Login to Polymerupdate. Please enable the cookies from the Browser settings by following the instructions provided in the 
. Re-load the page once the cookies are enabled.
Enable cookies from your browser settings and   
 the page to enjoy our services seamlessly
Copyright 1999 - 2026 
Polymerupdate.com"
,rHDPE,"[HIGHLIGHT - HDPE] Domestic prices of Ethylene China as of July 08, 2026","Click the 
 icon to add a specified price to your Dashboard list. This makes it easy to keep track on the prices that matter most to you.
                
Share This Article
News Type
Products

                        We use cookies to authenticate, authorize, verify, analyze and secure the application. The application will not work with cookies disabled. if the cookies are disabled on your browser, please enable them from browser settings. By clicking 
 , you provide your consent for use of cookies. 

                    
The Browser cookies are disabled and you will not be able to Login to Polymerupdate. Please enable the cookies from the Browser settings by following the instructions provided in the 
. Re-load the page once the cookies are enabled.
Enable cookies from your browser settings and   
 the page to enjoy our services seamlessly
Copyright 1999 - 2026 
Polymerupdate.com",46GP009,151520,149500,"June 10 , 2026",https://www.polymerupdate.com/News/Details/1496656/hdpe,"Domestic prices of Ethylene China as of July 08, 2026",,Polymerupdate,"Click the 
 icon to add a specified price to your Dashboard list. This makes it easy to keep track on the prices that matter most to you.
                
Share This Article
News Type
Products

                        We use cookies to authenticate, authorize, verify, analyze and secure the application. The application will not work with cookies disabled. if the cookies are disabled on your browser, please enable them from browser settings. By clicking 
 , you provide your consent for use of cookies. 

                    
The Browser cookies are disabled and you will not be able to Login to Polymerupdate. Please enable the cookies from the Browser settings by following the instructions provided in the 
. Re-load the page once the cookies are enabled.
Enable cookies from your browser settings and   
 the page to enjoy our services seamlessly
Copyright 1999 - 2026 
Polymerupdate.com"
,LLDPE,"SNAPSHOT: Kanpur market as of July 08, 2026","Click the 
 icon to add a specified price to your Dashboard list. This makes it easy to keep track on the prices that matter most to you.
                
Share This Article
News Type
Products

                        We use cookies to authenticate, authorize, verify, analyze and secure the application. The application will not work with cookies disabled. if the cookies are disabled on your browser, please enable them from browser settings. By clicking 
 , you provide your consent for use of cookies. 

                    
The Browser cookies are disabled and you will not be able to Login to Polymerupdate. Please enable the cookies from the Browser settings by following the instructions provided in the 
. Re-load the page once the cookies are enabled.
Enable cookies from your browser settings and   
 the page to enjoy our services seamlessly
Copyright 1999 - 2026 
Polymerupdate.com",N/A,N/A,N/A,N/A,https://www.polymerupdate.com/News/Details/1496803/lldpe,"SNAPSHOT: Kanpur market as of July 08, 2026",,Polymerupdate,"Click the 
 icon to add a specified price to your Dashboard list. This makes it easy to keep track on the prices that matter most to you.
                
Share This Article
News Type
Products

                        We use cookies to authenticate, authorize, verify, analyze and secure the application. The application will not work with cookies disabled. if the cookies are disabled on your browser, please enable them from browser settings. By clicking 
 , you provide your consent for use of cookies. 

                    
The Browser cookies are disabled and you will not be able to Login to Polymerupdate. Please enable the cookies from the Browser settings by following the instructions provided in the 
. Re-load the page once the cookies are enabled.
Enable cookies from your browser settings and   
 the page to enjoy our services seamlessly
Copyright 1999 - 2026 
Polymerupdate.com"
,LLDPE,"SNAPSHOT: Pakistan (Karachi) market as of July 08, 2026","Click the 
 icon to add a specified price to your Dashboard list. This makes it easy to keep track on the prices that matter most to you.
                
Share This Article
News Type
Products

                        We use cookies to authenticate, authorize, verify, analyze and secure the application. The application will not work with cookies disabled. if the cookies are disabled on your browser, please enable them from browser settings. By clicking 
 , you provide your consent for use of cookies. 

                    
The Browser cookies are disabled and you will not be able to Login to Polymerupdate. Please enable the cookies from the Browser settings by following the instructions provided in the 
. Re-load the page once the cookies are enabled.
Enable cookies from your browser settings and   
 the page to enjoy our services seamlessly
Copyright 1999 - 2026 
Polymerupdate.com",N/A,N/A,N/A,N/A,https://www.polymerupdate.com/News/Details/1496740/lldpe,"SNAPSHOT: Pakistan (Karachi) market as of July 08, 2026",,Polymerupdate,"Click the 
 icon to add a specified price to your Dashboard list. This makes it easy to keep track on the prices that matter most to you.
                
Share This Article
News Type
Products

                        We use cookies to authenticate, authorize, verify, analyze and secure the application. The application will not work with cookies disabled. if the cookies are disabled on your browser, please enable them from browser settings. By clicking 
 , you provide your consent for use of cookies. 

                    
The Browser cookies are disabled and you will not be able to Login to Polymerupdate. Please enable the cookies from the Browser settings by following the instructions provided in the 
. Re-load the page once the cookies are enabled.
Enable cookies from your browser settings and   
 the page to enjoy our services seamlessly
Copyright 1999 - 2026 
Polymerupdate.com"
,rHDPE,[HIGHLIGHT - HDPE] Reliance Industries Limited (RIL) announces Polyethylene (PE) prices in the domestic markets of India,"Click the 
 icon to add a specified price to your Dashboard list. This makes it easy to keep track on the prices that matter most to you.
                
Share This Article
News Type
Products

                        We use cookies to authenticate, authorize, verify, analyze and secure the application. The application will not work with cookies disabled. if the cookies are disabled on your browser, please enable them from browser settings. By clicking 
 , you provide your consent for use of cookies. 

                    
The Browser cookies are disabled and you will not be able to Login to Polymerupdate. Please enable the cookies from the Browser settings by following the instructions provided in the 
. Re-load the page once the cookies are enabled.
Enable cookies from your browser settings and   
 the page to enjoy our services seamlessly
Copyright 1999 - 2026 
Polymerupdate.com",52GB002,163360,161340,"June 10 , 2026",https://www.polymerupdate.com/News/Details/1496819/hdpe,Reliance Industries Limited (RIL) announces Polyethylene (PE) prices in the domestic markets of India,,Polymerupdate,"Click the 
 icon to add a specified price to your Dashboard list. This makes it easy to keep track on the prices that matter most to you.
                
Share This Article
News Type
Products

                        We use cookies to authenticate, authorize, verify, analyze and secure the application. The application will not work with cookies disabled. if the cookies are disabled on your browser, please enable them from browser settings. By clicking 
 , you provide your consent for use of cookies. 

                    
The Browser cookies are disabled and you will not be able to Login to Polymerupdate. Please enable the cookies from the Browser settings by following the instructions provided in the 
. Re-load the page once the cookies are enabled.
Enable cookies from your browser settings and   
 the page to enjoy our services seamlessly
Copyright 1999 - 2026 
Polymerupdate.com"
,rHDPE,[HIGHLIGHT - HDPE] Reliance Industries Limited (RIL) announces Polyethylene (PE) prices in the domestic markets of India,"Click the 
 icon to add a specified price to your Dashboard list. This makes it easy to keep track on the prices that matter most to you.
                
Share This Article
News Type
Products

                        We use cookies to authenticate, authorize, verify, analyze and secure the application. The application will not work with cookies disabled. if the cookies are disabled on your browser, please enable them from browser settings. By clicking 
 , you provide your consent for use of cookies. 

                    
The Browser cookies are disabled and you will not be able to Login to Polymerupdate. Please enable the cookies from the Browser settings by following the instructions provided in the 
. Re-load the page once the cookies are enabled.
Enable cookies from your browser settings and   
 the page to enjoy our services seamlessly
Copyright 1999 - 2026 
Polymerupdate.com",46GP009,151520,149500,"June 10 , 2026",https://www.polymerupdate.com/News/Details/1496819/hdpe,Reliance Industries Limited (RIL) announces Polyethylene (PE) prices in the domestic markets of India,,Polymerupdate,"Click the 
 icon to add a specified price to your Dashboard list. This makes it easy to keep track on the prices that matter most to you.
                
Share This Article
News Type
Products

                        We use cookies to authenticate, authorize, verify, analyze and secure the application. The application will not work with cookies disabled. if the cookies are disabled on your browser, please enable them from browser settings. By clicking 
 , you provide your consent for use of cookies. 

                    
The Browser cookies are disabled and you will not be able to Login to Polymerupdate. Please enable the cookies from the Browser settings by following the instructions provided in the 
. Re-load the page once the cookies are enabled.
Enable cookies from your browser settings and   
 the page to enjoy our services seamlessly
Copyright 1999 - 2026 
Polymerupdate.com"
,LLDPE,"SNAPSHOT: Delhi market as of July 08, 2026","Click the 
 icon to add a specified price to your Dashboard list. This makes it easy to keep track on the prices that matter most to you.
                
Share This Article
News Type
Products

                        We use cookies to authenticate, authorize, verify, analyze and secure the application. The application will not work with cookies disabled. if the cookies are disabled on your browser, please enable them from browser settings. By clicking 
 , you provide your consent for use of cookies. 

                    
The Browser cookies are disabled and you will not be able to Login to Polymerupdate. Please enable the cookies from the Browser settings by following the instructions provided in the 
. Re-load the page once the cookies are enabled.
Enable cookies from your browser settings and   
 the page to enjoy our services seamlessly
Copyright 1999 - 2026 
Polymerupdate.com",N/A,N/A,N/A,N/A,https://www.polymerupdate.com/News/Details/1496744/lldpe,"SNAPSHOT: Delhi market as of July 08, 2026",,Polymerupdate,"Click the 
 icon to add a specified price to your Dashboard list. This makes it easy to keep track on the prices that matter most to you.
                
Share This Article
News Type
Products

                        We use cookies to authenticate, authorize, verify, analyze and secure the application. The application will not work with cookies disabled. if the cookies are disabled on your browser, please enable them from browser settings. By clicking 
 , you provide your consent for use of cookies. 

                    
The Browser cookies are disabled and you will not be able to Login to Polymerupdate. Please enable the cookies from the Browser settings by following the instructions provided in the 
. Re-load the page once the cookies are enabled.
Enable cookies from your browser settings and   
 the page to enjoy our services seamlessly
Copyright 1999 - 2026 
Polymerupdate.com"
,LLDPE,"SNAPSHOT: Hyderabad market as of July 08, 2026","Click the 
 icon to add a specified price to your Dashboard list. This makes it easy to keep track on the prices that matter most to you.
                
Share This Article
News Type
Products

                        We use cookies to authenticate, authorize, verify, analyze and secure the application. The application will not work with cookies disabled. if the cookies are disabled on your browser, please enable them from browser settings. By clicking 
 , you provide your consent for use of cookies. 

                    
The Browser cookies are disabled and you will not be able to Login to Polymerupdate. Please enable the cookies from the Browser settings by following the instructions provided in the 
. Re-load the page once the cookies are enabled.
Enable cookies from your browser settings and   
 the page to enjoy our services seamlessly
Copyright 1999 - 2026 
Polymerupdate.com",N/A,N/A,N/A,N/A,https://www.polymerupdate.com/News/Details/1496786/lldpe,"SNAPSHOT: Hyderabad market as of July 08, 2026",,Polymerupdate,"Click the 
 icon to add a specified price to your Dashboard list. This makes it easy to keep track on the prices that matter most to you.
                
Share This Article
News Type
Products

                        We use cookies to authenticate, authorize, verify, analyze and secure the application. The application will not work with cookies disabled. if the cookies are disabled on your browser, please enable them from browser settings. By clicking 
 , you provide your consent for use of cookies. 

                    
The Browser cookies are disabled and you will not be able to Login to Polymerupdate. Please enable the cookies from the Browser settings by following the instructions provided in the 
. Re-load the page once the cookies are enabled.
Enable cookies from your browser settings and   
 the page to enjoy our services seamlessly
Copyright 1999 - 2026 
Polymerupdate.com"
,LLDPE,"SNAPSHOT: Chennai market as of July 08, 2026","Click the 
 icon to add a specified price to your Dashboard list. This makes it easy to keep track on the prices that matter most to you.
                
Share This Article
News Type
Products

                        We use cookies to authenticate, authorize, verify, analyze and secure the application. The application will not work with cookies disabled. if the cookies are disabled on your browser, please enable them from browser settings. By clicking 
 , you provide your consent for use of cookies. 

                    
The Browser cookies are disabled and you will not be able to Login to Polymerupdate. Please enable the cookies from the Browser settings by following the instructions provided in the 
. Re-load the page once the cookies are enabled.
Enable cookies from your browser settings and   
 the page to enjoy our services seamlessly
Copyright 1999 - 2026 
Polymerupdate.com",N/A,N/A,N/A,N/A,https://www.polymerupdate.com/News/Details/1496754/lldpe,"SNAPSHOT: Chennai market as of July 08, 2026",,Polymerupdate,"Click the 
 icon to add a specified price to your Dashboard list. This makes it easy to keep track on the prices that matter most to you.
                
Share This Article
News Type
Products

                        We use cookies to authenticate, authorize, verify, analyze and secure the application. The application will not work with cookies disabled. if the cookies are disabled on your browser, please enable them from browser settings. By clicking 
 , you provide your consent for use of cookies. 

                    
The Browser cookies are disabled and you will not be able to Login to Polymerupdate. Please enable the cookies from the Browser settings by following the instructions provided in the 
. Re-load the page once the cookies are enabled.
Enable cookies from your browser settings and   
 the page to enjoy our services seamlessly
Copyright 1999 - 2026 
Polymerupdate.com"
,LLDPE,"SNAPSHOT: Bangalore market as of July 08, 2026","Click the 
 icon to add a specified price to your Dashboard list. This makes it easy to keep track on the prices that matter most to you.
                
Share This Article
News Type
Products

                        We use cookies to authenticate, authorize, verify, analyze and secure the application. The application will not work with cookies disabled. if the cookies are disabled on your browser, please enable them from browser settings. By clicking 
 , you provide your consent for use of cookies. 

                    
The Browser cookies are disabled and you will not be able to Login to Polymerupdate. Please enable the cookies from the Browser settings by following the instructions provided in the 
. Re-load the page once the cookies are enabled.
Enable cookies from your browser settings and   
 the page to enjoy our services seamlessly
Copyright 1999 - 2026 
Polymerupdate.com",N/A,N/A,N/A,N/A,https://www.polymerupdate.com/News/Details/1496763/lldpe,"SNAPSHOT: Bangalore market as of July 08, 2026",,Polymerupdate,"Click the 
 icon to add a specified price to your Dashboard list. This makes it easy to keep track on the prices that matter most to you.
                
Share This Article
News Type
Products

                        We use cookies to authenticate, authorize, verify, analyze and secure the application. The application will not work with cookies disabled. if the cookies are disabled on your browser, please enable them from browser settings. By clicking 
 , you provide your consent for use of cookies. 

                    
The Browser cookies are disabled and you will not be able to Login to Polymerupdate. Please enable the cookies from the Browser settings by following the instructions provided in the 
. Re-load the page once the cookies are enabled.
Enable cookies from your browser settings and   
 the page to enjoy our services seamlessly
Copyright 1999 - 2026 
Polymerupdate.com"
,LLDPE,"SNAPSHOT: Kolkata market as of July 08, 2026","Click the 
 icon to add a specified price to your Dashboard list. This makes it easy to keep track on the prices that matter most to you.
                
Share This Article
News Type
Products

                        We use cookies to authenticate, authorize, verify, analyze and secure the application. The application will not work with cookies disabled. if the cookies are disabled on your browser, please enable them from browser settings. By clicking 
 , you provide your consent for use of cookies. 

                    
The Browser cookies are disabled and you will not be able to Login to Polymerupdate. Please enable the cookies from the Browser settings by following the instructions provided in the 
. Re-load the page once the cookies are enabled.
Enable cookies from your browser settings and   
 the page to enjoy our services seamlessly
Copyright 1999 - 2026 
Polymerupdate.com",N/A,N/A,N/A,N/A,https://www.polymerupdate.com/News/Details/1496745/lldpe,"SNAPSHOT: Kolkata market as of July 08, 2026",,Polymerupdate,"Click the 
 icon to add a specified price to your Dashboard list. This makes it easy to keep track on the prices that matter most to you.
                
Share This Article
News Type
Products

                        We use cookies to authenticate, authorize, verify, analyze and secure the application. The application will not work with cookies disabled. if the cookies are disabled on your browser, please enable them from browser settings. By clicking 
 , you provide your consent for use of cookies. 

                    
The Browser cookies are disabled and you will not be able to Login to Polymerupdate. Please enable the cookies from the Browser settings by following the instructions provided in the 
. Re-load the page once the cookies are enabled.
Enable cookies from your browser settings and   
 the page to enjoy our services seamlessly
Copyright 1999 - 2026 
Polymerupdate.com"
,LLDPE,A producer from the Middle East offers Linear low density polyethylene (LLDPE Film) in the Philippines,"Click the 
 icon to add a specified price to your Dashboard list. This makes it easy to keep track on the prices that matter most to you.
                
Share This Article
News Type
Products

                        We use cookies to authenticate, authorize, verify, analyze and secure the application. The application will not work with cookies disabled. if the cookies are disabled on your browser, please enable them from browser settings. By clicking 
 , you provide your consent for use of cookies. 

                    
The Browser cookies are disabled and you will not be able to Login to Polymerupdate. Please enable the cookies from the Browser settings by following the instructions provided in the 
. Re-load the page once the cookies are enabled.
Enable cookies from your browser settings and   
 the page to enjoy our services seamlessly
Copyright 1999 - 2026 
Polymerupdate.com",N/A,N/A,N/A,N/A,https://www.polymerupdate.com/News/Details/1496792/lldpe,A producer from the Middle East offers Linear low density polyethylene (LLDPE Film) in the Philippines,,Polymerupdate,"Click the 
 icon to add a specified price to your Dashboard list. This makes it easy to keep track on the prices that matter most to you.
                
Share This Article
News Type
Products

                        We use cookies to authenticate, authorize, verify, analyze and secure the application. The application will not work with cookies disabled. if the cookies are disabled on your browser, please enable them from browser settings. By clicking 
 , you provide your consent for use of cookies. 

                    
The Browser cookies are disabled and you will not be able to Login to Polymerupdate. Please enable the cookies from the Browser settings by following the instructions provided in the 
. Re-load the page once the cookies are enabled.
Enable cookies from your browser settings and   
 the page to enjoy our services seamlessly
Copyright 1999 - 2026 
Polymerupdate.com"
,LLDPE,"SNAPSHOT: Ahmedabad market as of July 08, 2026","Click the 
 icon to add a specified price to your Dashboard list. This makes it easy to keep track on the prices that matter most to you.
                
Share This Article
News Type
Products

                        We use cookies to authenticate, authorize, verify, analyze and secure the application. The application will not work with cookies disabled. if the cookies are disabled on your browser, please enable them from browser settings. By clicking 
 , you provide your consent for use of cookies. 

                    
The Browser cookies are disabled and you will not be able to Login to Polymerupdate. Please enable the cookies from the Browser settings by following the instructions provided in the 
. Re-load the page once the cookies are enabled.
Enable cookies from your browser settings and   
 the page to enjoy our services seamlessly
Copyright 1999 - 2026 
Polymerupdate.com",N/A,N/A,N/A,N/A,https://www.polymerupdate.com/News/Details/1496778/lldpe,"SNAPSHOT: Ahmedabad market as of July 08, 2026",,Polymerupdate,"Click the 
 icon to add a specified price to your Dashboard list. This makes it easy to keep track on the prices that matter most to you.
                
Share This Article
News Type
Products

                        We use cookies to authenticate, authorize, verify, analyze and secure the application. The application will not work with cookies disabled. if the cookies are disabled on your browser, please enable them from browser settings. By clicking 
 , you provide your consent for use of cookies. 

                    
The Browser cookies are disabled and you will not be able to Login to Polymerupdate. Please enable the cookies from the Browser settings by following the instructions provided in the 
. Re-load the page once the cookies are enabled.
Enable cookies from your browser settings and   
 the page to enjoy our services seamlessly
Copyright 1999 - 2026 
Polymerupdate.com"
,rPP,"[HIGHLIGHT - PP] SNAPSHOT: Pakistan (Karachi) market as of July 08, 2026","Click the 
 icon to add a specified price to your Dashboard list. This makes it easy to keep track on the prices that matter most to you.
                
Share This Article
News Type
Products

                        We use cookies to authenticate, authorize, verify, analyze and secure the application. The application will not work with cookies disabled. if the cookies are disabled on your browser, please enable them from browser settings. By clicking 
 , you provide your consent for use of cookies. 

                    
The Browser cookies are disabled and you will not be able to Login to Polymerupdate. Please enable the cookies from the Browser settings by following the instructions provided in the 
. Re-load the page once the cookies are enabled.
Enable cookies from your browser settings and   
 the page to enjoy our services seamlessly
Copyright 1999 - 2026 
Polymerupdate.com",103X,137270,133540,"June 06 , 2026",https://www.polymerupdate.com/News/Details/1496740/pp,"SNAPSHOT: Pakistan (Karachi) market as of July 08, 2026",,Polymerupdate,"Click the 
 icon to add a specified price to your Dashboard list. This makes it easy to keep track on the prices that matter most to you.
                
Share This Article
News Type
Products

                        We use cookies to authenticate, authorize, verify, analyze and secure the application. The application will not work with cookies disabled. if the cookies are disabled on your browser, please enable them from browser settings. By clicking 
 , you provide your consent for use of cookies. 

                    
The Browser cookies are disabled and you will not be able to Login to Polymerupdate. Please enable the cookies from the Browser settings by following the instructions provided in the 
. Re-load the page once the cookies are enabled.
Enable cookies from your browser settings and   
 the page to enjoy our services seamlessly
Copyright 1999 - 2026 
Polymerupdate.com"
,LLDPE,"Indian Open Markets Price Table – July 8, 2026","Click the 
 icon to add a specified price to your Dashboard list. This makes it easy to keep track on the prices that matter most to you.
                
Share This Article
News Type
Products

                        We use cookies to authenticate, authorize, verify, analyze and secure the application. The application will not work with cookies disabled. if the cookies are disabled on your browser, please enable them from browser settings. By clicking 
 , you provide your consent for use of cookies. 

                    
The Browser cookies are disabled and you will not be able to Login to Polymerupdate. Please enable the cookies from the Browser settings by following the instructions provided in the 
. Re-load the page once the cookies are enabled.
Enable cookies from your browser settings and   
 the page to enjoy our services seamlessly
Copyright 1999 - 2026 
Polymerupdate.com",N/A,N/A,N/A,N/A,https://www.polymerupdate.com/News/Details/1496811/lldpe,"Indian Open Markets Price Table – July 8, 2026",,Polymerupdate,"Click the 
 icon to add a specified price to your Dashboard list. This makes it easy to keep track on the prices that matter most to you.
                
Share This Article
News Type
Products

                        We use cookies to authenticate, authorize, verify, analyze and secure the application. The application will not work with cookies disabled. if the cookies are disabled on your browser, please enable them from browser settings. By clicking 
 , you provide your consent for use of cookies. 

                    
The Browser cookies are disabled and you will not be able to Login to Polymerupdate. Please enable the cookies from the Browser settings by following the instructions provided in the 
. Re-load the page once the cookies are enabled.
Enable cookies from your browser settings and   
 the page to enjoy our services seamlessly
Copyright 1999 - 2026 
Polymerupdate.com"
,LLDPE,"SNAPSHOT: Rajasthan market as of July 08, 2026","Click the 
 icon to add a specified price to your Dashboard list. This makes it easy to keep track on the prices that matter most to you.
                
Share This Article
News Type
Products

                        We use cookies to authenticate, authorize, verify, analyze and secure the application. The application will not work with cookies disabled. if the cookies are disabled on your browser, please enable them from browser settings. By clicking 
 , you provide your consent for use of cookies. 

                    
The Browser cookies are disabled and you will not be able to Login to Polymerupdate. Please enable the cookies from the Browser settings by following the instructions provided in the 
. Re-load the page once the cookies are enabled.
Enable cookies from your browser settings and   
 the page to enjoy our services seamlessly
Copyright 1999 - 2026 
Polymerupdate.com",N/A,N/A,N/A,N/A,https://www.polymerupdate.com/News/Details/1496780/lldpe,"SNAPSHOT: Rajasthan market as of July 08, 2026",,Polymerupdate,"Click the 
 icon to add a specified price to your Dashboard list. This makes it easy to keep track on the prices that matter most to you.
                
Share This Article
News Type
Products

                        We use cookies to authenticate, authorize, verify, analyze and secure the application. The application will not work with cookies disabled. if the cookies are disabled on your browser, please enable them from browser settings. By clicking 
 , you provide your consent for use of cookies. 

                    
The Browser cookies are disabled and you will not be able to Login to Polymerupdate. Please enable the cookies from the Browser settings by following the instructions provided in the 
. Re-load the page once the cookies are enabled.
Enable cookies from your browser settings and   
 the page to enjoy our services seamlessly
Copyright 1999 - 2026 
Polymerupdate.com"
,LLDPE,"SNAPSHOT: Punjab market as of July 08, 2026","Click the 
 icon to add a specified price to your Dashboard list. This makes it easy to keep track on the prices that matter most to you.
                
Share This Article
News Type
Products

                        We use cookies to authenticate, authorize, verify, analyze and secure the application. The application will not work with cookies disabled. if the cookies are disabled on your browser, please enable them from browser settings. By clicking 
 , you provide your consent for use of cookies. 

                    
The Browser cookies are disabled and you will not be able to Login to Polymerupdate. Please enable the cookies from the Browser settings by following the instructions provided in the 
. Re-load the page once the cookies are enabled.
Enable cookies from your browser settings and   
 the page to enjoy our services seamlessly
Copyright 1999 - 2026 
Polymerupdate.com",N/A,N/A,N/A,N/A,https://www.polymerupdate.com/News/Details/1496781/lldpe,"SNAPSHOT: Punjab market as of July 08, 2026",,Polymerupdate,"Click the 
 icon to add a specified price to your Dashboard list. This makes it easy to keep track on the prices that matter most to you.
                
Share This Article
News Type
Products

                        We use cookies to authenticate, authorize, verify, analyze and secure the application. The application will not work with cookies disabled. if the cookies are disabled on your browser, please enable them from browser settings. By clicking 
 , you provide your consent for use of cookies. 

                    
The Browser cookies are disabled and you will not be able to Login to Polymerupdate. Please enable the cookies from the Browser settings by following the instructions provided in the 
. Re-load the page once the cookies are enabled.
Enable cookies from your browser settings and   
 the page to enjoy our services seamlessly
Copyright 1999 - 2026 
Polymerupdate.com"
,LLDPE,Reliance Industries Limited (RIL) announces Polyethylene (PE) prices in the domestic markets of India,"Click the 
 icon to add a specified price to your Dashboard list. This makes it easy to keep track on the prices that matter most to you.
                
Share This Article
News Type
Products

                        We use cookies to authenticate, authorize, verify, analyze and secure the application. The application will not work with cookies disabled. if the cookies are disabled on your browser, please enable them from browser settings. By clicking 
 , you provide your consent for use of cookies. 

                    
The Browser cookies are disabled and you will not be able to Login to Polymerupdate. Please enable the cookies from the Browser settings by following the instructions provided in the 
. Re-load the page once the cookies are enabled.
Enable cookies from your browser settings and   
 the page to enjoy our services seamlessly
Copyright 1999 - 2026 
Polymerupdate.com",N/A,N/A,N/A,N/A,https://www.polymerupdate.com/News/Details/1496819/lldpe,Reliance Industries Limited (RIL) announces Polyethylene (PE) prices in the domestic markets of India,,Polymerupdate,"Click the 
 icon to add a specified price to your Dashboard list. This makes it easy to keep track on the prices that matter most to you.
                
Share This Article
News Type
Products

                        We use cookies to authenticate, authorize, verify, analyze and secure the application. The application will not work with cookies disabled. if the cookies are disabled on your browser, please enable them from browser settings. By clicking 
 , you provide your consent for use of cookies. 

                    
The Browser cookies are disabled and you will not be able to Login to Polymerupdate. Please enable the cookies from the Browser settings by following the instructions provided in the 
. Re-load the page once the cookies are enabled.
Enable cookies from your browser settings and   
 the page to enjoy our services seamlessly
Copyright 1999 - 2026 
Polymerupdate.com"
,rHDPE,"[HIGHLIGHT - HDPE] China domestic producer prices of High density polyethylene (HDPE) as of July 08, 2026","Click the 
 icon to add a specified price to your Dashboard list. This makes it easy to keep track on the prices that matter most to you.
                
Share This Article
News Type
Products

                        We use cookies to authenticate, authorize, verify, analyze and secure the application. The application will not work with cookies disabled. if the cookies are disabled on your browser, please enable them from browser settings. By clicking 
 , you provide your consent for use of cookies. 

                    
The Browser cookies are disabled and you will not be able to Login to Polymerupdate. Please enable the cookies from the Browser settings by following the instructions provided in the 
. Re-load the page once the cookies are enabled.
Enable cookies from your browser settings and   
 the page to enjoy our services seamlessly
Copyright 1999 - 2026 
Polymerupdate.com",52GB002,163360,161340,"June 10 , 2026",https://www.polymerupdate.com/News/Details/1496647/hdpe,"China domestic producer prices of High density polyethylene (HDPE) as of July 08, 2026",,Polymerupdate,"Click the 
 icon to add a specified price to your Dashboard list. This makes it easy to keep track on the prices that matter most to you.
                
Share This Article
News Type
Products

                        We use cookies to authenticate, authorize, verify, analyze and secure the application. The application will not work with cookies disabled. if the cookies are disabled on your browser, please enable them from browser settings. By clicking 
 , you provide your consent for use of cookies. 

                    
The Browser cookies are disabled and you will not be able to Login to Polymerupdate. Please enable the cookies from the Browser settings by following the instructions provided in the 
. Re-load the page once the cookies are enabled.
Enable cookies from your browser settings and   
 the page to enjoy our services seamlessly
Copyright 1999 - 2026 
Polymerupdate.com"
,rHDPE,"[HIGHLIGHT - HDPE] China domestic producer prices of High density polyethylene (HDPE) as of July 08, 2026","Click the 
 icon to add a specified price to your Dashboard list. This makes it easy to keep track on the prices that matter most to you.
                
Share This Article
News Type
Products

                        We use cookies to authenticate, authorize, verify, analyze and secure the application. The application will not work with cookies disabled. if the cookies are disabled on your browser, please enable them from browser settings. By clicking 
 , you provide your consent for use of cookies. 

                    
The Browser cookies are disabled and you will not be able to Login to Polymerupdate. Please enable the cookies from the Browser settings by following the instructions provided in the 
. Re-load the page once the cookies are enabled.
Enable cookies from your browser settings and   
 the page to enjoy our services seamlessly
Copyright 1999 - 2026 
Polymerupdate.com",46GP009,151520,149500,"June 10 , 2026",https://www.polymerupdate.com/News/Details/1496647/hdpe,"China domestic producer prices of High density polyethylene (HDPE) as of July 08, 2026",,Polymerupdate,"Click the 
 icon to add a specified price to your Dashboard list. This makes it easy to keep track on the prices that matter most to you.
                
Share This Article
News Type
Products

                        We use cookies to authenticate, authorize, verify, analyze and secure the application. The application will not work with cookies disabled. if the cookies are disabled on your browser, please enable them from browser settings. By clicking 
 , you provide your consent for use of cookies. 

                    
The Browser cookies are disabled and you will not be able to Login to Polymerupdate. Please enable the cookies from the Browser settings by following the instructions provided in the 
. Re-load the page once the cookies are enabled.
Enable cookies from your browser settings and   
 the page to enjoy our services seamlessly
Copyright 1999 - 2026 
Polymerupdate.com"
,LLDPE,A producer from China offers Linear low density polyethylene (LLDPE Film) in Pakistan,"Click the 
 icon to add a specified price to your Dashboard list. This makes it easy to keep track on the prices that matter most to you.
                
Share This Article
News Type
Products

                        We use cookies to authenticate, authorize, verify, analyze and secure the application. The application will not work with cookies disabled. if the cookies are disabled on your browser, please enable them from browser settings. By clicking 
 , you provide your consent for use of cookies. 

                    
The Browser cookies are disabled and you will not be able to Login to Polymerupdate. Please enable the cookies from the Browser settings by following the instructions provided in the 
. Re-load the page once the cookies are enabled.
Enable cookies from your browser settings and   
 the page to enjoy our services seamlessly
Copyright 1999 - 2026 
Polymerupdate.com",N/A,N/A,N/A,N/A,https://www.polymerupdate.com/News/Details/1496798/lldpe,A producer from China offers Linear low density polyethylene (LLDPE Film) in Pakistan,,Polymerupdate,"Click the 
 icon to add a specified price to your Dashboard list. This makes it easy to keep track on the prices that matter most to you.
                
Share This Article
News Type
Products

                        We use cookies to authenticate, authorize, verify, analyze and secure the application. The application will not work with cookies disabled. if the cookies are disabled on your browser, please enable them from browser settings. By clicking 
 , you provide your consent for use of cookies. 

                    
The Browser cookies are disabled and you will not be able to Login to Polymerupdate. Please enable the cookies from the Browser settings by following the instructions provided in the 
. Re-load the page once the cookies are enabled.
Enable cookies from your browser settings and   
 the page to enjoy our services seamlessly
Copyright 1999 - 2026 
Polymerupdate.com"
,LLDPE,"Domestic prices of Ethylene China as of July 08, 2026","Click the 
 icon to add a specified price to your Dashboard list. This makes it easy to keep track on the prices that matter most to you.
                
Share This Article
News Type
Products

                        We use cookies to authenticate, authorize, verify, analyze and secure the application. The application will not work with cookies disabled. if the cookies are disabled on your browser, please enable them from browser settings. By clicking 
 , you provide your consent for use of cookies. 

                    
The Browser cookies are disabled and you will not be able to Login to Polymerupdate. Please enable the cookies from the Browser settings by following the instructions provided in the 
. Re-load the page once the cookies are enabled.
Enable cookies from your browser settings and   
 the page to enjoy our services seamlessly
Copyright 1999 - 2026 
Polymerupdate.com",N/A,N/A,N/A,N/A,https://www.polymerupdate.com/News/Details/1496656/lldpe,"Domestic prices of Ethylene China as of July 08, 2026",,Polymerupdate,"Click the 
 icon to add a specified price to your Dashboard list. This makes it easy to keep track on the prices that matter most to you.
                
Share This Article
News Type
Products

                        We use cookies to authenticate, authorize, verify, analyze and secure the application. The application will not work with cookies disabled. if the cookies are disabled on your browser, please enable them from browser settings. By clicking 
 , you provide your consent for use of cookies. 

                    
The Browser cookies are disabled and you will not be able to Login to Polymerupdate. Please enable the cookies from the Browser settings by following the instructions provided in the 
. Re-load the page once the cookies are enabled.
Enable cookies from your browser settings and   
 the page to enjoy our services seamlessly
Copyright 1999 - 2026 
Polymerupdate.com"
,LLDPE,"China domestic producer prices of Linear low-density polyethylene (LLDPE) as of July 08, 2026","Click the 
 icon to add a specified price to your Dashboard list. This makes it easy to keep track on the prices that matter most to you.
                
Share This Article
News Type
Products

                        We use cookies to authenticate, authorize, verify, analyze and secure the application. The application will not work with cookies disabled. if the cookies are disabled on your browser, please enable them from browser settings. By clicking 
 , you provide your consent for use of cookies. 

                    
The Browser cookies are disabled and you will not be able to Login to Polymerupdate. Please enable the cookies from the Browser settings by following the instructions provided in the 
. Re-load the page once the cookies are enabled.
Enable cookies from your browser settings and   
 the page to enjoy our services seamlessly
Copyright 1999 - 2026 
Polymerupdate.com",N/A,N/A,N/A,N/A,https://www.polymerupdate.com/News/Details/1496650/lldpe,"China domestic producer prices of Linear low-density polyethylene (LLDPE) as of July 08, 2026",,Polymerupdate,"Click the 
 icon to add a specified price to your Dashboard list. This makes it easy to keep track on the prices that matter most to you.
                
Share This Article
News Type
Products

                        We use cookies to authenticate, authorize, verify, analyze and secure the application. The application will not work with cookies disabled. if the cookies are disabled on your browser, please enable them from browser settings. By clicking 
 , you provide your consent for use of cookies. 

                    
The Browser cookies are disabled and you will not be able to Login to Polymerupdate. Please enable the cookies from the Browser settings by following the instructions provided in the 
. Re-load the page once the cookies are enabled.
Enable cookies from your browser settings and   
 the page to enjoy our services seamlessly
Copyright 1999 - 2026 
Polymerupdate.com"
,rPP,[HIGHLIGHT - PP] Propylene prices quote higher in the United States,"Click the 
 icon to add a specified price to your Dashboard list. This makes it easy to keep track on the prices that matter most to you.
                
Share This Article
News Type
Products

                        We use cookies to authenticate, authorize, verify, analyze and secure the application. The application will not work with cookies disabled. if the cookies are disabled on your browser, please enable them from browser settings. By clicking 
 , you provide your consent for use of cookies. 

                    
The Browser cookies are disabled and you will not be able to Login to Polymerupdate. Please enable the cookies from the Browser settings by following the instructions provided in the 
. Re-load the page once the cookies are enabled.
Enable cookies from your browser settings and   
 the page to enjoy our services seamlessly
Copyright 1999 - 2026 
Polymerupdate.com",103X,137270,133540,"June 06 , 2026",https://www.polymerupdate.com/News/Details/1496726/pp,Propylene prices quote higher in the United States,,Polymerupdate,"Click the 
 icon to add a specified price to your Dashboard list. This makes it easy to keep track on the prices that matter most to you.
                
Share This Article
News Type
Products

                        We use cookies to authenticate, authorize, verify, analyze and secure the application. The application will not work with cookies disabled. if the cookies are disabled on your browser, please enable them from browser settings. By clicking 
 , you provide your consent for use of cookies. 

                    
The Browser cookies are disabled and you will not be able to Login to Polymerupdate. Please enable the cookies from the Browser settings by following the instructions provided in the 
. Re-load the page once the cookies are enabled.
Enable cookies from your browser settings and   
 the page to enjoy our services seamlessly
Copyright 1999 - 2026 
Polymerupdate.com"
,rPP,"[HIGHLIGHT - PP] SNAPSHOT: Patna market as of July 08, 2026","Click the 
 icon to add a specified price to your Dashboard list. This makes it easy to keep track on the prices that matter most to you.
                
Share This Article
News Type
Products

                        We use cookies to authenticate, authorize, verify, analyze and secure the application. The application will not work with cookies disabled. if the cookies are disabled on your browser, please enable them from browser settings. By clicking 
 , you provide your consent for use of cookies. 

                    
The Browser cookies are disabled and you will not be able to Login to Polymerupdate. Please enable the cookies from the Browser settings by following the instructions provided in the 
. Re-load the page once the cookies are enabled.
Enable cookies from your browser settings and   
 the page to enjoy our services seamlessly
Copyright 1999 - 2026 
Polymerupdate.com",103X,137270,133540,"June 06 , 2026",https://www.polymerupdate.com/News/Details/1496804/pp,"SNAPSHOT: Patna market as of July 08, 2026",,Polymerupdate,"Click the 
 icon to add a specified price to your Dashboard list. This makes it easy to keep track on the prices that matter most to you.
                
Share This Article
News Type
Products

                        We use cookies to authenticate, authorize, verify, analyze and secure the application. The application will not work with cookies disabled. if the cookies are disabled on your browser, please enable them from browser settings. By clicking 
 , you provide your consent for use of cookies. 

                    
The Browser cookies are disabled and you will not be able to Login to Polymerupdate. Please enable the cookies from the Browser settings by following the instructions provided in the 
. Re-load the page once the cookies are enabled.
Enable cookies from your browser settings and   
 the page to enjoy our services seamlessly
Copyright 1999 - 2026 
Polymerupdate.com"
,rPP,[HIGHLIGHT - PP] Latest offers for Polypropylene (PP Impact Copolymer) in Mozambique,"Click the 
 icon to add a specified price to your Dashboard list. This makes it easy to keep track on the prices that matter most to you.
                
Share This Article
News Type
Products

                        We use cookies to authenticate, authorize, verify, analyze and secure the application. The application will not work with cookies disabled. if the cookies are disabled on your browser, please enable them from browser settings. By clicking 
 , you provide your consent for use of cookies. 

                    
The Browser cookies are disabled and you will not be able to Login to Polymerupdate. Please enable the cookies from the Browser settings by following the instructions provided in the 
. Re-load the page once the cookies are enabled.
Enable cookies from your browser settings and   
 the page to enjoy our services seamlessly
Copyright 1999 - 2026 
Polymerupdate.com",103X,137270,133540,"June 06 , 2026",https://www.polymerupdate.com/News/Details/1496774/pp,Latest offers for Polypropylene (PP Impact Copolymer) in Mozambique,,Polymerupdate,"Click the 
 icon to add a specified price to your Dashboard list. This makes it easy to keep track on the prices that matter most to you.
                
Share This Article
News Type
Products

                        We use cookies to authenticate, authorize, verify, analyze and secure the application. The application will not work with cookies disabled. if the cookies are disabled on your browser, please enable them from browser settings. By clicking 
 , you provide your consent for use of cookies. 

                    
The Browser cookies are disabled and you will not be able to Login to Polymerupdate. Please enable the cookies from the Browser settings by following the instructions provided in the 
. Re-load the page once the cookies are enabled.
Enable cookies from your browser settings and   
 the page to enjoy our services seamlessly
Copyright 1999 - 2026 
Polymerupdate.com"
,rPP,"[HIGHLIGHT - PP] SNAPSHOT: Kanpur market as of July 08, 2026","Click the 
 icon to add a specified price to your Dashboard list. This makes it easy to keep track on the prices that matter most to you.
                
Share This Article
News Type
Products

                        We use cookies to authenticate, authorize, verify, analyze and secure the application. The application will not work with cookies disabled. if the cookies are disabled on your browser, please enable them from browser settings. By clicking 
 , you provide your consent for use of cookies. 

                    
The Browser cookies are disabled and you will not be able to Login to Polymerupdate. Please enable the cookies from the Browser settings by following the instructions provided in the 
. Re-load the page once the cookies are enabled.
Enable cookies from your browser settings and   
 the page to enjoy our services seamlessly
Copyright 1999 - 2026 
Polymerupdate.com",103X,137270,133540,"June 06 , 2026",https://www.polymerupdate.com/News/Details/1496803/pp,"SNAPSHOT: Kanpur market as of July 08, 2026",,Polymerupdate,"Click the 
 icon to add a specified price to your Dashboard list. This makes it easy to keep track on the prices that matter most to you.
                
Share This Article
News Type
Products

                        We use cookies to authenticate, authorize, verify, analyze and secure the application. The application will not work with cookies disabled. if the cookies are disabled on your browser, please enable them from browser settings. By clicking 
 , you provide your consent for use of cookies. 

                    
The Browser cookies are disabled and you will not be able to Login to Polymerupdate. Please enable the cookies from the Browser settings by following the instructions provided in the 
. Re-load the page once the cookies are enabled.
Enable cookies from your browser settings and   
 the page to enjoy our services seamlessly
Copyright 1999 - 2026 
Polymerupdate.com"
,rPP,"[HIGHLIGHT - PP] SNAPSHOT: Kerala market as of July 08, 2026","Click the 
 icon to add a specified price to your Dashboard list. This makes it easy to keep track on the prices that matter most to you.
                
Share This Article
News Type
Products

                        We use cookies to authenticate, authorize, verify, analyze and secure the application. The application will not work with cookies disabled. if the cookies are disabled on your browser, please enable them from browser settings. By clicking 
 , you provide your consent for use of cookies. 

                    
The Browser cookies are disabled and you will not be able to Login to Polymerupdate. Please enable the cookies from the Browser settings by following the instructions provided in the 
. Re-load the page once the cookies are enabled.
Enable cookies from your browser settings and   
 the page to enjoy our services seamlessly
Copyright 1999 - 2026 
Polymerupdate.com",103X,137270,133540,"June 06 , 2026",https://www.polymerupdate.com/News/Details/1496787/pp,"SNAPSHOT: Kerala market as of July 08, 2026",,Polymerupdate,"Click the 
 icon to add a specified price to your Dashboard list. This makes it easy to keep track on the prices that matter most to you.
                
Share This Article
News Type
Products

                        We use cookies to authenticate, authorize, verify, analyze and secure the application. The application will not work with cookies disabled. if the cookies are disabled on your browser, please enable them from browser settings. By clicking 
 , you provide your consent for use of cookies. 

                    
The Browser cookies are disabled and you will not be able to Login to Polymerupdate. Please enable the cookies from the Browser settings by following the instructions provided in the 
. Re-load the page once the cookies are enabled.
Enable cookies from your browser settings and   
 the page to enjoy our services seamlessly
Copyright 1999 - 2026 
Polymerupdate.com"
,rPP,"[HIGHLIGHT - PP] SNAPSHOT: Chennai market as of July 08, 2026","Click the 
 icon to add a specified price to your Dashboard list. This makes it easy to keep track on the prices that matter most to you.
                
Share This Article
News Type
Products

                        We use cookies to authenticate, authorize, verify, analyze and secure the application. The application will not work with cookies disabled. if the cookies are disabled on your browser, please enable them from browser settings. By clicking 
 , you provide your consent for use of cookies. 

                    
The Browser cookies are disabled and you will not be able to Login to Polymerupdate. Please enable the cookies from the Browser settings by following the instructions provided in the 
. Re-load the page once the cookies are enabled.
Enable cookies from your browser settings and   
 the page to enjoy our services seamlessly
Copyright 1999 - 2026 
Polymerupdate.com",103X,137270,133540,"June 06 , 2026",https://www.polymerupdate.com/News/Details/1496754/pp,"SNAPSHOT: Chennai market as of July 08, 2026",,Polymerupdate,"Click the 
 icon to add a specified price to your Dashboard list. This makes it easy to keep track on the prices that matter most to you.
                
Share This Article
News Type
Products

                        We use cookies to authenticate, authorize, verify, analyze and secure the application. The application will not work with cookies disabled. if the cookies are disabled on your browser, please enable them from browser settings. By clicking 
 , you provide your consent for use of cookies. 

                    
The Browser cookies are disabled and you will not be able to Login to Polymerupdate. Please enable the cookies from the Browser settings by following the instructions provided in the 
. Re-load the page once the cookies are enabled.
Enable cookies from your browser settings and   
 the page to enjoy our services seamlessly
Copyright 1999 - 2026 
Polymerupdate.com"
,rPP,"[HIGHLIGHT - PP] SNAPSHOT: Rajasthan market as of July 08, 2026","Click the 
 icon to add a specified price to your Dashboard list. This makes it easy to keep track on the prices that matter most to you.
                
Share This Article
News Type
Products

                        We use cookies to authenticate, authorize, verify, analyze and secure the application. The application will not work with cookies disabled. if the cookies are disabled on your browser, please enable them from browser settings. By clicking 
 , you provide your consent for use of cookies. 

                    
The Browser cookies are disabled and you will not be able to Login to Polymerupdate. Please enable the cookies from the Browser settings by following the instructions provided in the 
. Re-load the page once the cookies are enabled.
Enable cookies from your browser settings and   
 the page to enjoy our services seamlessly
Copyright 1999 - 2026 
Polymerupdate.com",103X,137270,133540,"June 06 , 2026",https://www.polymerupdate.com/News/Details/1496780/pp,"SNAPSHOT: Rajasthan market as of July 08, 2026",,Polymerupdate,"Click the 
 icon to add a specified price to your Dashboard list. This makes it easy to keep track on the prices that matter most to you.
                
Share This Article
News Type
Products

                        We use cookies to authenticate, authorize, verify, analyze and secure the application. The application will not work with cookies disabled. if the cookies are disabled on your browser, please enable them from browser settings. By clicking 
 , you provide your consent for use of cookies. 

                    
The Browser cookies are disabled and you will not be able to Login to Polymerupdate. Please enable the cookies from the Browser settings by following the instructions provided in the 
. Re-load the page once the cookies are enabled.
Enable cookies from your browser settings and   
 the page to enjoy our services seamlessly
Copyright 1999 - 2026 
Polymerupdate.com"
,rPP,"[HIGHLIGHT - PP] SNAPSHOT: Mumbai market as of July 08, 2026","Click the 
 icon to add a specified price to your Dashboard list. This makes it easy to keep track on the prices that matter most to you.
                
Share This Article
News Type
Products

                        We use cookies to authenticate, authorize, verify, analyze and secure the application. The application will not work with cookies disabled. if the cookies are disabled on your browser, please enable them from browser settings. By clicking 
 , you provide your consent for use of cookies. 

                    
The Browser cookies are disabled and you will not be able to Login to Polymerupdate. Please enable the cookies from the Browser settings by following the instructions provided in the 
. Re-load the page once the cookies are enabled.
Enable cookies from your browser settings and   
 the page to enjoy our services seamlessly
Copyright 1999 - 2026 
Polymerupdate.com",103X,137270,133540,"June 06 , 2026",https://www.polymerupdate.com/News/Details/1496738/pp,"SNAPSHOT: Mumbai market as of July 08, 2026",,Polymerupdate,"Click the 
 icon to add a specified price to your Dashboard list. This makes it easy to keep track on the prices that matter most to you.
                
Share This Article
News Type
Products

                        We use cookies to authenticate, authorize, verify, analyze and secure the application. The application will not work with cookies disabled. if the cookies are disabled on your browser, please enable them from browser settings. By clicking 
 , you provide your consent for use of cookies. 

                    
The Browser cookies are disabled and you will not be able to Login to Polymerupdate. Please enable the cookies from the Browser settings by following the instructions provided in the 
. Re-load the page once the cookies are enabled.
Enable cookies from your browser settings and   
 the page to enjoy our services seamlessly
Copyright 1999 - 2026 
Polymerupdate.com"
,rPP,"[HIGHLIGHT - PP] SNAPSHOT: Hyderabad market as of July 08, 2026","Click the 
 icon to add a specified price to your Dashboard list. This makes it easy to keep track on the prices that matter most to you.
                
Share This Article
News Type
Products

                        We use cookies to authenticate, authorize, verify, analyze and secure the application. The application will not work with cookies disabled. if the cookies are disabled on your browser, please enable them from browser settings. By clicking 
 , you provide your consent for use of cookies. 

                    
The Browser cookies are disabled and you will not be able to Login to Polymerupdate. Please enable the cookies from the Browser settings by following the instructions provided in the 
. Re-load the page once the cookies are enabled.
Enable cookies from your browser settings and   
 the page to enjoy our services seamlessly
Copyright 1999 - 2026 
Polymerupdate.com",103X,137270,133540,"June 06 , 2026",https://www.polymerupdate.com/News/Details/1496786/pp,"SNAPSHOT: Hyderabad market as of July 08, 2026",,Polymerupdate,"Click the 
 icon to add a specified price to your Dashboard list. This makes it easy to keep track on the prices that matter most to you.
                
Share This Article
News Type
Products

                        We use cookies to authenticate, authorize, verify, analyze and secure the application. The application will not work with cookies disabled. if the cookies are disabled on your browser, please enable them from browser settings. By clicking 
 , you provide your consent for use of cookies. 

                    
The Browser cookies are disabled and you will not be able to Login to Polymerupdate. Please enable the cookies from the Browser settings by following the instructions provided in the 
. Re-load the page once the cookies are enabled.
Enable cookies from your browser settings and   
 the page to enjoy our services seamlessly
Copyright 1999 - 2026 
Polymerupdate.com"
,rPP,"[HIGHLIGHT - PP] SNAPSHOT: Delhi market as of July 08, 2026","Click the 
 icon to add a specified price to your Dashboard list. This makes it easy to keep track on the prices that matter most to you.
                
Share This Article
News Type
Products

                        We use cookies to authenticate, authorize, verify, analyze and secure the application. The application will not work with cookies disabled. if the cookies are disabled on your browser, please enable them from browser settings. By clicking 
 , you provide your consent for use of cookies. 

                    
The Browser cookies are disabled and you will not be able to Login to Polymerupdate. Please enable the cookies from the Browser settings by following the instructions provided in the 
. Re-load the page once the cookies are enabled.
Enable cookies from your browser settings and   
 the page to enjoy our services seamlessly
Copyright 1999 - 2026 
Polymerupdate.com",103X,137270,133540,"June 06 , 2026",https://www.polymerupdate.com/News/Details/1496744/pp,"SNAPSHOT: Delhi market as of July 08, 2026",,Polymerupdate,"Click the 
 icon to add a specified price to your Dashboard list. This makes it easy to keep track on the prices that matter most to you.
                
Share This Article
News Type
Products

                        We use cookies to authenticate, authorize, verify, analyze and secure the application. The application will not work with cookies disabled. if the cookies are disabled on your browser, please enable them from browser settings. By clicking 
 , you provide your consent for use of cookies. 

                    
The Browser cookies are disabled and you will not be able to Login to Polymerupdate. Please enable the cookies from the Browser settings by following the instructions provided in the 
. Re-load the page once the cookies are enabled.
Enable cookies from your browser settings and   
 the page to enjoy our services seamlessly
Copyright 1999 - 2026 
Polymerupdate.com"
,rPP,"[HIGHLIGHT - PP] SNAPSHOT: Ahmedabad market as of July 08, 2026","Click the 
 icon to add a specified price to your Dashboard list. This makes it easy to keep track on the prices that matter most to you.
                
Share This Article
News Type
Products

                        We use cookies to authenticate, authorize, verify, analyze and secure the application. The application will not work with cookies disabled. if the cookies are disabled on your browser, please enable them from browser settings. By clicking 
 , you provide your consent for use of cookies. 

                    
The Browser cookies are disabled and you will not be able to Login to Polymerupdate. Please enable the cookies from the Browser settings by following the instructions provided in the 
. Re-load the page once the cookies are enabled.
Enable cookies from your browser settings and   
 the page to enjoy our services seamlessly
Copyright 1999 - 2026 
Polymerupdate.com",103X,137270,133540,"June 06 , 2026",https://www.polymerupdate.com/News/Details/1496778/pp,"SNAPSHOT: Ahmedabad market as of July 08, 2026",,Polymerupdate,"Click the 
 icon to add a specified price to your Dashboard list. This makes it easy to keep track on the prices that matter most to you.
                
Share This Article
News Type
Products

                        We use cookies to authenticate, authorize, verify, analyze and secure the application. The application will not work with cookies disabled. if the cookies are disabled on your browser, please enable them from browser settings. By clicking 
 , you provide your consent for use of cookies. 

                    
The Browser cookies are disabled and you will not be able to Login to Polymerupdate. Please enable the cookies from the Browser settings by following the instructions provided in the 
. Re-load the page once the cookies are enabled.
Enable cookies from your browser settings and   
 the page to enjoy our services seamlessly
Copyright 1999 - 2026 
Polymerupdate.com"
,rPP,"[HIGHLIGHT - PP] SNAPSHOT: Nepal market as of July 08, 2026","Click the 
 icon to add a specified price to your Dashboard list. This makes it easy to keep track on the prices that matter most to you.
                
Share This Article
News Type
Products

                        We use cookies to authenticate, authorize, verify, analyze and secure the application. The application will not work with cookies disabled. if the cookies are disabled on your browser, please enable them from browser settings. By clicking 
 , you provide your consent for use of cookies. 

                    
The Browser cookies are disabled and you will not be able to Login to Polymerupdate. Please enable the cookies from the Browser settings by following the instructions provided in the 
. Re-load the page once the cookies are enabled.
Enable cookies from your browser settings and   
 the page to enjoy our services seamlessly
Copyright 1999 - 2026 
Polymerupdate.com",103X,137270,133540,"June 06 , 2026",https://www.polymerupdate.com/News/Details/1496743/pp,"SNAPSHOT: Nepal market as of July 08, 2026",,Polymerupdate,"Click the 
 icon to add a specified price to your Dashboard list. This makes it easy to keep track on the prices that matter most to you.
                
Share This Article
News Type
Products

                        We use cookies to authenticate, authorize, verify, analyze and secure the application. The application will not work with cookies disabled. if the cookies are disabled on your browser, please enable them from browser settings. By clicking 
 , you provide your consent for use of cookies. 

                    
The Browser cookies are disabled and you will not be able to Login to Polymerupdate. Please enable the cookies from the Browser settings by following the instructions provided in the 
. Re-load the page once the cookies are enabled.
Enable cookies from your browser settings and   
 the page to enjoy our services seamlessly
Copyright 1999 - 2026 
Polymerupdate.com"
,rPP,"[HIGHLIGHT - PP] Domestic prices of Ethylene Dichloride (EDC) China as of July 08, 2026","Click the 
 icon to add a specified price to your Dashboard list. This makes it easy to keep track on the prices that matter most to you.
                
Share This Article
News Type
Products

                        We use cookies to authenticate, authorize, verify, analyze and secure the application. The application will not work with cookies disabled. if the cookies are disabled on your browser, please enable them from browser settings. By clicking 
 , you provide your consent for use of cookies. 

                    
The Browser cookies are disabled and you will not be able to Login to Polymerupdate. Please enable the cookies from the Browser settings by following the instructions provided in the 
. Re-load the page once the cookies are enabled.
Enable cookies from your browser settings and   
 the page to enjoy our services seamlessly
Copyright 1999 - 2026 
Polymerupdate.com",103X,137270,133540,"June 06 , 2026",https://www.polymerupdate.com/News/Details/1496674/pp,"Domestic prices of Ethylene Dichloride (EDC) China as of July 08, 2026",,Polymerupdate,"Click the 
 icon to add a specified price to your Dashboard list. This makes it easy to keep track on the prices that matter most to you.
                
Share This Article
News Type
Products

                        We use cookies to authenticate, authorize, verify, analyze and secure the application. The application will not work with cookies disabled. if the cookies are disabled on your browser, please enable them from browser settings. By clicking 
 , you provide your consent for use of cookies. 

                    
The Browser cookies are disabled and you will not be able to Login to Polymerupdate. Please enable the cookies from the Browser settings by following the instructions provided in the 
. Re-load the page once the cookies are enabled.
Enable cookies from your browser settings and   
 the page to enjoy our services seamlessly
Copyright 1999 - 2026 
Polymerupdate.com"
,rPP,"[HIGHLIGHT - PP] SNAPSHOT: Bangladesh market as of July 08, 2026","Click the 
 icon to add a specified price to your Dashboard list. This makes it easy to keep track on the prices that matter most to you.
                
Share This Article
News Type
Products

                        We use cookies to authenticate, authorize, verify, analyze and secure the application. The application will not work with cookies disabled. if the cookies are disabled on your browser, please enable them from browser settings. By clicking 
 , you provide your consent for use of cookies. 

                    
The Browser cookies are disabled and you will not be able to Login to Polymerupdate. Please enable the cookies from the Browser settings by following the instructions provided in the 
. Re-load the page once the cookies are enabled.
Enable cookies from your browser settings and   
 the page to enjoy our services seamlessly
Copyright 1999 - 2026 
Polymerupdate.com",103X,137270,133540,"June 06 , 2026",https://www.polymerupdate.com/News/Details/1496741/pp,"SNAPSHOT: Bangladesh market as of July 08, 2026",,Polymerupdate,"Click the 
 icon to add a specified price to your Dashboard list. This makes it easy to keep track on the prices that matter most to you.
                
Share This Article
News Type
Products

                        We use cookies to authenticate, authorize, verify, analyze and secure the application. The application will not work with cookies disabled. if the cookies are disabled on your browser, please enable them from browser settings. By clicking 
 , you provide your consent for use of cookies. 

                    
The Browser cookies are disabled and you will not be able to Login to Polymerupdate. Please enable the cookies from the Browser settings by following the instructions provided in the 
. Re-load the page once the cookies are enabled.
Enable cookies from your browser settings and   
 the page to enjoy our services seamlessly
Copyright 1999 - 2026 
Polymerupdate.com"
,rPP,"[HIGHLIGHT - PP] SNAPSHOT: Sri Lanka market as of July 08, 2026","Click the 
 icon to add a specified price to your Dashboard list. This makes it easy to keep track on the prices that matter most to you.
                
Share This Article
News Type
Products

                        We use cookies to authenticate, authorize, verify, analyze and secure the application. The application will not work with cookies disabled. if the cookies are disabled on your browser, please enable them from browser settings. By clicking 
 , you provide your consent for use of cookies. 

                    
The Browser cookies are disabled and you will not be able to Login to Polymerupdate. Please enable the cookies from the Browser settings by following the instructions provided in the 
. Re-load the page once the cookies are enabled.
Enable cookies from your browser settings and   
 the page to enjoy our services seamlessly
Copyright 1999 - 2026 
Polymerupdate.com",103X,137270,133540,"June 06 , 2026",https://www.polymerupdate.com/News/Details/1496742/pp,"SNAPSHOT: Sri Lanka market as of July 08, 2026",,Polymerupdate,"Click the 
 icon to add a specified price to your Dashboard list. This makes it easy to keep track on the prices that matter most to you.
                
Share This Article
News Type
Products

                        We use cookies to authenticate, authorize, verify, analyze and secure the application. The application will not work with cookies disabled. if the cookies are disabled on your browser, please enable them from browser settings. By clicking 
 , you provide your consent for use of cookies. 

                    
The Browser cookies are disabled and you will not be able to Login to Polymerupdate. Please enable the cookies from the Browser settings by following the instructions provided in the 
. Re-load the page once the cookies are enabled.
Enable cookies from your browser settings and   
 the page to enjoy our services seamlessly
Copyright 1999 - 2026 
Polymerupdate.com"
,rPP,"[HIGHLIGHT - PP] SNAPSHOT: Punjab market as of July 08, 2026","Click the 
 icon to add a specified price to your Dashboard list. This makes it easy to keep track on the prices that matter most to you.
                
Share This Article
News Type
Products

                        We use cookies to authenticate, authorize, verify, analyze and secure the application. The application will not work with cookies disabled. if the cookies are disabled on your browser, please enable them from browser settings. By clicking 
 , you provide your consent for use of cookies. 

                    
The Browser cookies are disabled and you will not be able to Login to Polymerupdate. Please enable the cookies from the Browser settings by following the instructions provided in the 
. Re-load the page once the cookies are enabled.
Enable cookies from your browser settings and   
 the page to enjoy our services seamlessly
Copyright 1999 - 2026 
Polymerupdate.com",103X,137270,133540,"June 06 , 2026",https://www.polymerupdate.com/News/Details/1496781/pp,"SNAPSHOT: Punjab market as of July 08, 2026",,Polymerupdate,"Click the 
 icon to add a specified price to your Dashboard list. This makes it easy to keep track on the prices that matter most to you.
                
Share This Article
News Type
Products

                        We use cookies to authenticate, authorize, verify, analyze and secure the application. The application will not work with cookies disabled. if the cookies are disabled on your browser, please enable them from browser settings. By clicking 
 , you provide your consent for use of cookies. 

                    
The Browser cookies are disabled and you will not be able to Login to Polymerupdate. Please enable the cookies from the Browser settings by following the instructions provided in the 
. Re-load the page once the cookies are enabled.
Enable cookies from your browser settings and   
 the page to enjoy our services seamlessly
Copyright 1999 - 2026 
Polymerupdate.com"
,rPP,"[HIGHLIGHT - PP] SNAPSHOT: Kolkata market as of July 08, 2026","Click the 
 icon to add a specified price to your Dashboard list. This makes it easy to keep track on the prices that matter most to you.
                
Share This Article
News Type
Products

                        We use cookies to authenticate, authorize, verify, analyze and secure the application. The application will not work with cookies disabled. if the cookies are disabled on your browser, please enable them from browser settings. By clicking 
 , you provide your consent for use of cookies. 

                    
The Browser cookies are disabled and you will not be able to Login to Polymerupdate. Please enable the cookies from the Browser settings by following the instructions provided in the 
. Re-load the page once the cookies are enabled.
Enable cookies from your browser settings and   
 the page to enjoy our services seamlessly
Copyright 1999 - 2026 
Polymerupdate.com",103X,137270,133540,"June 06 , 2026",https://www.polymerupdate.com/News/Details/1496745/pp,"SNAPSHOT: Kolkata market as of July 08, 2026",,Polymerupdate,"Click the 
 icon to add a specified price to your Dashboard list. This makes it easy to keep track on the prices that matter most to you.
                
Share This Article
News Type
Products

                        We use cookies to authenticate, authorize, verify, analyze and secure the application. The application will not work with cookies disabled. if the cookies are disabled on your browser, please enable them from browser settings. By clicking 
 , you provide your consent for use of cookies. 

                    
The Browser cookies are disabled and you will not be able to Login to Polymerupdate. Please enable the cookies from the Browser settings by following the instructions provided in the 
. Re-load the page once the cookies are enabled.
Enable cookies from your browser settings and   
 the page to enjoy our services seamlessly
Copyright 1999 - 2026 
Polymerupdate.com"
,rPP,[HIGHLIGHT - PP] Sinopec Henan resumes operations at PP unit,"Click the 
 icon to add a specified price to your Dashboard list. This makes it easy to keep track on the prices that matter most to you.
                
Share This Article
News Type
Products

                        We use cookies to authenticate, authorize, verify, analyze and secure the application. The application will not work with cookies disabled. if the cookies are disabled on your browser, please enable them from browser settings. By clicking 
 , you provide your consent for use of cookies. 

                    
The Browser cookies are disabled and you will not be able to Login to Polymerupdate. Please enable the cookies from the Browser settings by following the instructions provided in the 
. Re-load the page once the cookies are enabled.
Enable cookies from your browser settings and   
 the page to enjoy our services seamlessly
Copyright 1999 - 2026 
Polymerupdate.com",103X,137270,133540,"June 06 , 2026",https://www.polymerupdate.com/News/Details/1496814/pp,Sinopec Henan resumes operations at PP unit,,Polymerupdate,"Click the 
 icon to add a specified price to your Dashboard list. This makes it easy to keep track on the prices that matter most to you.
                
Share This Article
News Type
Products

                        We use cookies to authenticate, authorize, verify, analyze and secure the application. The application will not work with cookies disabled. if the cookies are disabled on your browser, please enable them from browser settings. By clicking 
 , you provide your consent for use of cookies. 

                    
The Browser cookies are disabled and you will not be able to Login to Polymerupdate. Please enable the cookies from the Browser settings by following the instructions provided in the 
. Re-load the page once the cookies are enabled.
Enable cookies from your browser settings and   
 the page to enjoy our services seamlessly
Copyright 1999 - 2026 
Polymerupdate.com"
,rPP,"[HIGHLIGHT - PP] Indian Open Markets Price Table – July 8, 2026","Click the 
 icon to add a specified price to your Dashboard list. This makes it easy to keep track on the prices that matter most to you.
                
Share This Article
News Type
Products

                        We use cookies to authenticate, authorize, verify, analyze and secure the application. The application will not work with cookies disabled. if the cookies are disabled on your browser, please enable them from browser settings. By clicking 
 , you provide your consent for use of cookies. 

                    
The Browser cookies are disabled and you will not be able to Login to Polymerupdate. Please enable the cookies from the Browser settings by following the instructions provided in the 
. Re-load the page once the cookies are enabled.
Enable cookies from your browser settings and   
 the page to enjoy our services seamlessly
Copyright 1999 - 2026 
Polymerupdate.com",103X,137270,133540,"June 06 , 2026",https://www.polymerupdate.com/News/Details/1496811/pp,"Indian Open Markets Price Table – July 8, 2026",,Polymerupdate,"Click the 
 icon to add a specified price to your Dashboard list. This makes it easy to keep track on the prices that matter most to you.
                
Share This Article
News Type
Products

                        We use cookies to authenticate, authorize, verify, analyze and secure the application. The application will not work with cookies disabled. if the cookies are disabled on your browser, please enable them from browser settings. By clicking 
 , you provide your consent for use of cookies. 

                    
The Browser cookies are disabled and you will not be able to Login to Polymerupdate. Please enable the cookies from the Browser settings by following the instructions provided in the 
. Re-load the page once the cookies are enabled.
Enable cookies from your browser settings and   
 the page to enjoy our services seamlessly
Copyright 1999 - 2026 
Polymerupdate.com"
,rPP,[HIGHLIGHT - PP] Reliance Industries Limited (RIL) rolls over Polypropylene (PP) prices in the domestic markets of India,"Click the 
 icon to add a specified price to your Dashboard list. This makes it easy to keep track on the prices that matter most to you.
                
Share This Article
News Type
Products

                        We use cookies to authenticate, authorize, verify, analyze and secure the application. The application will not work with cookies disabled. if the cookies are disabled on your browser, please enable them from browser settings. By clicking 
 , you provide your consent for use of cookies. 

                    
The Browser cookies are disabled and you will not be able to Login to Polymerupdate. Please enable the cookies from the Browser settings by following the instructions provided in the 
. Re-load the page once the cookies are enabled.
Enable cookies from your browser settings and   
 the page to enjoy our services seamlessly
Copyright 1999 - 2026 
Polymerupdate.com",103X,137270,133540,"June 06 , 2026",https://www.polymerupdate.com/News/Details/1496820/pp,Reliance Industries Limited (RIL) rolls over Polypropylene (PP) prices in the domestic markets of India,,Polymerupdate,"Click the 
 icon to add a specified price to your Dashboard list. This makes it easy to keep track on the prices that matter most to you.
                
Share This Article
News Type
Products

                        We use cookies to authenticate, authorize, verify, analyze and secure the application. The application will not work with cookies disabled. if the cookies are disabled on your browser, please enable them from browser settings. By clicking 
 , you provide your consent for use of cookies. 

                    
The Browser cookies are disabled and you will not be able to Login to Polymerupdate. Please enable the cookies from the Browser settings by following the instructions provided in the 
. Re-load the page once the cookies are enabled.
Enable cookies from your browser settings and   
 the page to enjoy our services seamlessly
Copyright 1999 - 2026 
Polymerupdate.com"
,rPP,"[HIGHLIGHT - PP] China domestic producer prices of Polypropylene (PP) as of July 08, 2026","Click the 
 icon to add a specified price to your Dashboard list. This makes it easy to keep track on the prices that matter most to you.
                
Share This Article
News Type
Products

                        We use cookies to authenticate, authorize, verify, analyze and secure the application. The application will not work with cookies disabled. if the cookies are disabled on your browser, please enable them from browser settings. By clicking 
 , you provide your consent for use of cookies. 

                    
The Browser cookies are disabled and you will not be able to Login to Polymerupdate. Please enable the cookies from the Browser settings by following the instructions provided in the 
. Re-load the page once the cookies are enabled.
Enable cookies from your browser settings and   
 the page to enjoy our services seamlessly
Copyright 1999 - 2026 
Polymerupdate.com",103X,137270,133540,"June 06 , 2026",https://www.polymerupdate.com/News/Details/1496652/pp,"China domestic producer prices of Polypropylene (PP) as of July 08, 2026",,Polymerupdate,"Click the 
 icon to add a specified price to your Dashboard list. This makes it easy to keep track on the prices that matter most to you.
                
Share This Article
News Type
Products

                        We use cookies to authenticate, authorize, verify, analyze and secure the application. The application will not work with cookies disabled. if the cookies are disabled on your browser, please enable them from browser settings. By clicking 
 , you provide your consent for use of cookies. 

                    
The Browser cookies are disabled and you will not be able to Login to Polymerupdate. Please enable the cookies from the Browser settings by following the instructions provided in the 
. Re-load the page once the cookies are enabled.
Enable cookies from your browser settings and   
 the page to enjoy our services seamlessly
Copyright 1999 - 2026 
Polymerupdate.com"
,rPP,"[HIGHLIGHT - PP] Domestic prices of Polypropylene (PP) China as of July 08, 2026","Click the 
 icon to add a specified price to your Dashboard list. This makes it easy to keep track on the prices that matter most to you.
                
Share This Article
News Type
Products

                        We use cookies to authenticate, authorize, verify, analyze and secure the application. The application will not work with cookies disabled. if the cookies are disabled on your browser, please enable them from browser settings. By clicking 
 , you provide your consent for use of cookies. 

                    
The Browser cookies are disabled and you will not be able to Login to Polymerupdate. Please enable the cookies from the Browser settings by following the instructions provided in the 
. Re-load the page once the cookies are enabled.
Enable cookies from your browser settings and   
 the page to enjoy our services seamlessly
Copyright 1999 - 2026 
Polymerupdate.com",103X,137270,133540,"June 06 , 2026",https://www.polymerupdate.com/News/Details/1496675/pp,"Domestic prices of Polypropylene (PP) China as of July 08, 2026",,Polymerupdate,"Click the 
 icon to add a specified price to your Dashboard list. This makes it easy to keep track on the prices that matter most to you.
                
Share This Article
News Type
Products

                        We use cookies to authenticate, authorize, verify, analyze and secure the application. The application will not work with cookies disabled. if the cookies are disabled on your browser, please enable them from browser settings. By clicking 
 , you provide your consent for use of cookies. 

                    
The Browser cookies are disabled and you will not be able to Login to Polymerupdate. Please enable the cookies from the Browser settings by following the instructions provided in the 
. Re-load the page once the cookies are enabled.
Enable cookies from your browser settings and   
 the page to enjoy our services seamlessly
Copyright 1999 - 2026 
Polymerupdate.com"
,LDPE,"SNAPSHOT: Pakistan (Karachi) market as of July 08, 2026","Click the 
 icon to add a specified price to your Dashboard list. This makes it easy to keep track on the prices that matter most to you.
                
Share This Article
News Type
Products

                        We use cookies to authenticate, authorize, verify, analyze and secure the application. The application will not work with cookies disabled. if the cookies are disabled on your browser, please enable them from browser settings. By clicking 
 , you provide your consent for use of cookies. 

                    
The Browser cookies are disabled and you will not be able to Login to Polymerupdate. Please enable the cookies from the Browser settings by following the instructions provided in the 
. Re-load the page once the cookies are enabled.
Enable cookies from your browser settings and   
 the page to enjoy our services seamlessly
Copyright 1999 - 2026 
Polymerupdate.com",N/A,N/A,N/A,N/A,https://www.polymerupdate.com/News/Details/1496740/ldpe,"SNAPSHOT: Pakistan (Karachi) market as of July 08, 2026",,Polymerupdate,"Click the 
 icon to add a specified price to your Dashboard list. This makes it easy to keep track on the prices that matter most to you.
                
Share This Article
News Type
Products

                        We use cookies to authenticate, authorize, verify, analyze and secure the application. The application will not work with cookies disabled. if the cookies are disabled on your browser, please enable them from browser settings. By clicking 
 , you provide your consent for use of cookies. 

                    
The Browser cookies are disabled and you will not be able to Login to Polymerupdate. Please enable the cookies from the Browser settings by following the instructions provided in the 
. Re-load the page once the cookies are enabled.
Enable cookies from your browser settings and   
 the page to enjoy our services seamlessly
Copyright 1999 - 2026 
Polymerupdate.com"
,LDPE,"SNAPSHOT: Indore market as of July 08, 2026","Click the 
 icon to add a specified price to your Dashboard list. This makes it easy to keep track on the prices that matter most to you.
                
Share This Article
News Type
Products

                        We use cookies to authenticate, authorize, verify, analyze and secure the application. The application will not work with cookies disabled. if the cookies are disabled on your browser, please enable them from browser settings. By clicking 
 , you provide your consent for use of cookies. 

                    
The Browser cookies are disabled and you will not be able to Login to Polymerupdate. Please enable the cookies from the Browser settings by following the instructions provided in the 
. Re-load the page once the cookies are enabled.
Enable cookies from your browser settings and   
 the page to enjoy our services seamlessly
Copyright 1999 - 2026 
Polymerupdate.com",N/A,N/A,N/A,N/A,https://www.polymerupdate.com/News/Details/1496801/ldpe,"SNAPSHOT: Indore market as of July 08, 2026",,Polymerupdate,"Click the 
 icon to add a specified price to your Dashboard list. This makes it easy to keep track on the prices that matter most to you.
                
Share This Article
News Type
Products

                        We use cookies to authenticate, authorize, verify, analyze and secure the application. The application will not work with cookies disabled. if the cookies are disabled on your browser, please enable them from browser settings. By clicking 
 , you provide your consent for use of cookies. 

                    
The Browser cookies are disabled and you will not be able to Login to Polymerupdate. Please enable the cookies from the Browser settings by following the instructions provided in the 
. Re-load the page once the cookies are enabled.
Enable cookies from your browser settings and   
 the page to enjoy our services seamlessly
Copyright 1999 - 2026 
Polymerupdate.com"
,LDPE,"SNAPSHOT: Kanpur market as of July 08, 2026","Click the 
 icon to add a specified price to your Dashboard list. This makes it easy to keep track on the prices that matter most to you.
                
Share This Article
News Type
Products

                        We use cookies to authenticate, authorize, verify, analyze and secure the application. The application will not work with cookies disabled. if the cookies are disabled on your browser, please enable them from browser settings. By clicking 
 , you provide your consent for use of cookies. 

                    
The Browser cookies are disabled and you will not be able to Login to Polymerupdate. Please enable the cookies from the Browser settings by following the instructions provided in the 
. Re-load the page once the cookies are enabled.
Enable cookies from your browser settings and   
 the page to enjoy our services seamlessly
Copyright 1999 - 2026 
Polymerupdate.com",N/A,N/A,N/A,N/A,https://www.polymerupdate.com/News/Details/1496803/ldpe,"SNAPSHOT: Kanpur market as of July 08, 2026",,Polymerupdate,"Click the 
 icon to add a specified price to your Dashboard list. This makes it easy to keep track on the prices that matter most to you.
                
Share This Article
News Type
Products

                        We use cookies to authenticate, authorize, verify, analyze and secure the application. The application will not work with cookies disabled. if the cookies are disabled on your browser, please enable them from browser settings. By clicking 
 , you provide your consent for use of cookies. 

                    
The Browser cookies are disabled and you will not be able to Login to Polymerupdate. Please enable the cookies from the Browser settings by following the instructions provided in the 
. Re-load the page once the cookies are enabled.
Enable cookies from your browser settings and   
 the page to enjoy our services seamlessly
Copyright 1999 - 2026 
Polymerupdate.com"
,LDPE,"SNAPSHOT: Pakistan (Lahore) market as of July 08, 2026","Click the 
 icon to add a specified price to your Dashboard list. This makes it easy to keep track on the prices that matter most to you.
                
Share This Article
News Type
Products

                        We use cookies to authenticate, authorize, verify, analyze and secure the application. The application will not work with cookies disabled. if the cookies are disabled on your browser, please enable them from browser settings. By clicking 
 , you provide your consent for use of cookies. 

                    
The Browser cookies are disabled and you will not be able to Login to Polymerupdate. Please enable the cookies from the Browser settings by following the instructions provided in the 
. Re-load the page once the cookies are enabled.
Enable cookies from your browser settings and   
 the page to enjoy our services seamlessly
Copyright 1999 - 2026 
Polymerupdate.com",N/A,N/A,N/A,N/A,https://www.polymerupdate.com/News/Details/1496739/ldpe,"SNAPSHOT: Pakistan (Lahore) market as of July 08, 2026",,Polymerupdate,"Click the 
 icon to add a specified price to your Dashboard list. This makes it easy to keep track on the prices that matter most to you.
                
Share This Article
News Type
Products

                        We use cookies to authenticate, authorize, verify, analyze and secure the application. The application will not work with cookies disabled. if the cookies are disabled on your browser, please enable them from browser settings. By clicking 
 , you provide your consent for use of cookies. 

                    
The Browser cookies are disabled and you will not be able to Login to Polymerupdate. Please enable the cookies from the Browser settings by following the instructions provided in the 
. Re-load the page once the cookies are enabled.
Enable cookies from your browser settings and   
 the page to enjoy our services seamlessly
Copyright 1999 - 2026 
Polymerupdate.com"
,LDPE,"SNAPSHOT: Vietnam markets as of July 08, 2026","Click the 
 icon to add a specified price to your Dashboard list. This makes it easy to keep track on the prices that matter most to you.
                
Share This Article
News Type
Products

                        We use cookies to authenticate, authorize, verify, analyze and secure the application. The application will not work with cookies disabled. if the cookies are disabled on your browser, please enable them from browser settings. By clicking 
 , you provide your consent for use of cookies. 

                    
The Browser cookies are disabled and you will not be able to Login to Polymerupdate. Please enable the cookies from the Browser settings by following the instructions provided in the 
. Re-load the page once the cookies are enabled.
Enable cookies from your browser settings and   
 the page to enjoy our services seamlessly
Copyright 1999 - 2026 
Polymerupdate.com",N/A,N/A,N/A,N/A,https://www.polymerupdate.com/News/Details/1496727/ldpe,"SNAPSHOT: Vietnam markets as of July 08, 2026",,Polymerupdate,"Click the 
 icon to add a specified price to your Dashboard list. This makes it easy to keep track on the prices that matter most to you.
                
Share This Article
News Type
Products

                        We use cookies to authenticate, authorize, verify, analyze and secure the application. The application will not work with cookies disabled. if the cookies are disabled on your browser, please enable them from browser settings. By clicking 
 , you provide your consent for use of cookies. 

                    
The Browser cookies are disabled and you will not be able to Login to Polymerupdate. Please enable the cookies from the Browser settings by following the instructions provided in the 
. Re-load the page once the cookies are enabled.
Enable cookies from your browser settings and   
 the page to enjoy our services seamlessly
Copyright 1999 - 2026 
Polymerupdate.com"
,LDPE,Ethylene prices edge higher in the United States,"Click the 
 icon to add a specified price to your Dashboard list. This makes it easy to keep track on the prices that matter most to you.
                
Share This Article
News Type
Products

                        We use cookies to authenticate, authorize, verify, analyze and secure the application. The application will not work with cookies disabled. if the cookies are disabled on your browser, please enable them from browser settings. By clicking 
 , you provide your consent for use of cookies. 

                    
The Browser cookies are disabled and you will not be able to Login to Polymerupdate. Please enable the cookies from the Browser settings by following the instructions provided in the 
. Re-load the page once the cookies are enabled.
Enable cookies from your browser settings and   
 the page to enjoy our services seamlessly
Copyright 1999 - 2026 
Polymerupdate.com",N/A,N/A,N/A,N/A,https://www.polymerupdate.com/News/Details/1496718/ldpe,Ethylene prices edge higher in the United States,,Polymerupdate,"Click the 
 icon to add a specified price to your Dashboard list. This makes it easy to keep track on the prices that matter most to you.
                
Share This Article
News Type
Products

                        We use cookies to authenticate, authorize, verify, analyze and secure the application. The application will not work with cookies disabled. if the cookies are disabled on your browser, please enable them from browser settings. By clicking 
 , you provide your consent for use of cookies. 

                    
The Browser cookies are disabled and you will not be able to Login to Polymerupdate. Please enable the cookies from the Browser settings by following the instructions provided in the 
. Re-load the page once the cookies are enabled.
Enable cookies from your browser settings and   
 the page to enjoy our services seamlessly
Copyright 1999 - 2026 
Polymerupdate.com"
,rPP,"[HIGHLIGHT - PP] Domestic prices of Propylene China as of July 08, 2026","Click the 
 icon to add a specified price to your Dashboard list. This makes it easy to keep track on the prices that matter most to you.
                
Share This Article
News Type
Products

                        We use cookies to authenticate, authorize, verify, analyze and secure the application. The application will not work with cookies disabled. if the cookies are disabled on your browser, please enable them from browser settings. By clicking 
 , you provide your consent for use of cookies. 

                    
The Browser cookies are disabled and you will not be able to Login to Polymerupdate. Please enable the cookies from the Browser settings by following the instructions provided in the 
. Re-load the page once the cookies are enabled.
Enable cookies from your browser settings and   
 the page to enjoy our services seamlessly
Copyright 1999 - 2026 
Polymerupdate.com",103X,137270,133540,"June 06 , 2026",https://www.polymerupdate.com/News/Details/1496669/pp,"Domestic prices of Propylene China as of July 08, 2026",,Polymerupdate,"Click the 
 icon to add a specified price to your Dashboard list. This makes it easy to keep track on the prices that matter most to you.
                
Share This Article
News Type
Products

                        We use cookies to authenticate, authorize, verify, analyze and secure the application. The application will not work with cookies disabled. if the cookies are disabled on your browser, please enable them from browser settings. By clicking 
 , you provide your consent for use of cookies. 

                    
The Browser cookies are disabled and you will not be able to Login to Polymerupdate. Please enable the cookies from the Browser settings by following the instructions provided in the 
. Re-load the page once the cookies are enabled.
Enable cookies from your browser settings and   
 the page to enjoy our services seamlessly
Copyright 1999 - 2026 
Polymerupdate.com"
,LDPE,"SNAPSHOT: Kerala market as of July 08, 2026","Click the 
 icon to add a specified price to your Dashboard list. This makes it easy to keep track on the prices that matter most to you.
                
Share This Article
News Type
Products

                        We use cookies to authenticate, authorize, verify, analyze and secure the application. The application will not work with cookies disabled. if the cookies are disabled on your browser, please enable them from browser settings. By clicking 
 , you provide your consent for use of cookies. 

                    
The Browser cookies are disabled and you will not be able to Login to Polymerupdate. Please enable the cookies from the Browser settings by following the instructions provided in the 
. Re-load the page once the cookies are enabled.
Enable cookies from your browser settings and   
 the page to enjoy our services seamlessly
Copyright 1999 - 2026 
Polymerupdate.com",N/A,N/A,N/A,N/A,https://www.polymerupdate.com/News/Details/1496787/ldpe,"SNAPSHOT: Kerala market as of July 08, 2026",,Polymerupdate,"Click the 
 icon to add a specified price to your Dashboard list. This makes it easy to keep track on the prices that matter most to you.
                
Share This Article
News Type
Products

                        We use cookies to authenticate, authorize, verify, analyze and secure the application. The application will not work with cookies disabled. if the cookies are disabled on your browser, please enable them from browser settings. By clicking 
 , you provide your consent for use of cookies. 

                    
The Browser cookies are disabled and you will not be able to Login to Polymerupdate. Please enable the cookies from the Browser settings by following the instructions provided in the 
. Re-load the page once the cookies are enabled.
Enable cookies from your browser settings and   
 the page to enjoy our services seamlessly
Copyright 1999 - 2026 
Polymerupdate.com"
,LDPE,"SNAPSHOT: Mumbai market as of July 08, 2026","Click the 
 icon to add a specified price to your Dashboard list. This makes it easy to keep track on the prices that matter most to you.
                
Share This Article
News Type
Products

                        We use cookies to authenticate, authorize, verify, analyze and secure the application. The application will not work with cookies disabled. if the cookies are disabled on your browser, please enable them from browser settings. By clicking 
 , you provide your consent for use of cookies. 

                    
The Browser cookies are disabled and you will not be able to Login to Polymerupdate. Please enable the cookies from the Browser settings by following the instructions provided in the 
. Re-load the page once the cookies are enabled.
Enable cookies from your browser settings and   
 the page to enjoy our services seamlessly
Copyright 1999 - 2026 
Polymerupdate.com",N/A,N/A,N/A,N/A,https://www.polymerupdate.com/News/Details/1496738/ldpe,"SNAPSHOT: Mumbai market as of July 08, 2026",,Polymerupdate,"Click the 
 icon to add a specified price to your Dashboard list. This makes it easy to keep track on the prices that matter most to you.
                
Share This Article
News Type
Products

                        We use cookies to authenticate, authorize, verify, analyze and secure the application. The application will not work with cookies disabled. if the cookies are disabled on your browser, please enable them from browser settings. By clicking 
 , you provide your consent for use of cookies. 

                    
The Browser cookies are disabled and you will not be able to Login to Polymerupdate. Please enable the cookies from the Browser settings by following the instructions provided in the 
. Re-load the page once the cookies are enabled.
Enable cookies from your browser settings and   
 the page to enjoy our services seamlessly
Copyright 1999 - 2026 
Polymerupdate.com"
,LDPE,"SNAPSHOT: Nepal market as of July 08, 2026","Click the 
 icon to add a specified price to your Dashboard list. This makes it easy to keep track on the prices that matter most to you.
                
Share This Article
News Type
Products

                        We use cookies to authenticate, authorize, verify, analyze and secure the application. The application will not work with cookies disabled. if the cookies are disabled on your browser, please enable them from browser settings. By clicking 
 , you provide your consent for use of cookies. 

                    
The Browser cookies are disabled and you will not be able to Login to Polymerupdate. Please enable the cookies from the Browser settings by following the instructions provided in the 
. Re-load the page once the cookies are enabled.
Enable cookies from your browser settings and   
 the page to enjoy our services seamlessly
Copyright 1999 - 2026 
Polymerupdate.com",N/A,N/A,N/A,N/A,https://www.polymerupdate.com/News/Details/1496743/ldpe,"SNAPSHOT: Nepal market as of July 08, 2026",,Polymerupdate,"Click the 
 icon to add a specified price to your Dashboard list. This makes it easy to keep track on the prices that matter most to you.
                
Share This Article
News Type
Products

                        We use cookies to authenticate, authorize, verify, analyze and secure the application. The application will not work with cookies disabled. if the cookies are disabled on your browser, please enable them from browser settings. By clicking 
 , you provide your consent for use of cookies. 

                    
The Browser cookies are disabled and you will not be able to Login to Polymerupdate. Please enable the cookies from the Browser settings by following the instructions provided in the 
. Re-load the page once the cookies are enabled.
Enable cookies from your browser settings and   
 the page to enjoy our services seamlessly
Copyright 1999 - 2026 
Polymerupdate.com"
,LDPE,"SNAPSHOT: Sri Lanka market as of July 08, 2026","Click the 
 icon to add a specified price to your Dashboard list. This makes it easy to keep track on the prices that matter most to you.
                
Share This Article
News Type
Products

                        We use cookies to authenticate, authorize, verify, analyze and secure the application. The application will not work with cookies disabled. if the cookies are disabled on your browser, please enable them from browser settings. By clicking 
 , you provide your consent for use of cookies. 

                    
The Browser cookies are disabled and you will not be able to Login to Polymerupdate. Please enable the cookies from the Browser settings by following the instructions provided in the 
. Re-load the page once the cookies are enabled.
Enable cookies from your browser settings and   
 the page to enjoy our services seamlessly
Copyright 1999 - 2026 
Polymerupdate.com",N/A,N/A,N/A,N/A,https://www.polymerupdate.com/News/Details/1496742/ldpe,"SNAPSHOT: Sri Lanka market as of July 08, 2026",,Polymerupdate,"Click the 
 icon to add a specified price to your Dashboard list. This makes it easy to keep track on the prices that matter most to you.
                
Share This Article
News Type
Products

                        We use cookies to authenticate, authorize, verify, analyze and secure the application. The application will not work with cookies disabled. if the cookies are disabled on your browser, please enable them from browser settings. By clicking 
 , you provide your consent for use of cookies. 

                    
The Browser cookies are disabled and you will not be able to Login to Polymerupdate. Please enable the cookies from the Browser settings by following the instructions provided in the 
. Re-load the page once the cookies are enabled.
Enable cookies from your browser settings and   
 the page to enjoy our services seamlessly
Copyright 1999 - 2026 
Polymerupdate.com"
,LDPE,"SNAPSHOT: Patna market as of July 08, 2026","Click the 
 icon to add a specified price to your Dashboard list. This makes it easy to keep track on the prices that matter most to you.
                
Share This Article
News Type
Products

                        We use cookies to authenticate, authorize, verify, analyze and secure the application. The application will not work with cookies disabled. if the cookies are disabled on your browser, please enable them from browser settings. By clicking 
 , you provide your consent for use of cookies. 

                    
The Browser cookies are disabled and you will not be able to Login to Polymerupdate. Please enable the cookies from the Browser settings by following the instructions provided in the 
. Re-load the page once the cookies are enabled.
Enable cookies from your browser settings and   
 the page to enjoy our services seamlessly
Copyright 1999 - 2026 
Polymerupdate.com",N/A,N/A,N/A,N/A,https://www.polymerupdate.com/News/Details/1496804/ldpe,"SNAPSHOT: Patna market as of July 08, 2026",,Polymerupdate,"Click the 
 icon to add a specified price to your Dashboard list. This makes it easy to keep track on the prices that matter most to you.
                
Share This Article
News Type
Products

                        We use cookies to authenticate, authorize, verify, analyze and secure the application. The application will not work with cookies disabled. if the cookies are disabled on your browser, please enable them from browser settings. By clicking 
 , you provide your consent for use of cookies. 

                    
The Browser cookies are disabled and you will not be able to Login to Polymerupdate. Please enable the cookies from the Browser settings by following the instructions provided in the 
. Re-load the page once the cookies are enabled.
Enable cookies from your browser settings and   
 the page to enjoy our services seamlessly
Copyright 1999 - 2026 
Polymerupdate.com"
,LDPE,A producer from Saudi Arabia offers Low density polyethylene (LDPE Heavy Duty) in Mozambique,"Click the 
 icon to add a specified price to your Dashboard list. This makes it easy to keep track on the prices that matter most to you.
                
Share This Article
News Type
Products

                        We use cookies to authenticate, authorize, verify, analyze and secure the application. The application will not work with cookies disabled. if the cookies are disabled on your browser, please enable them from browser settings. By clicking 
 , you provide your consent for use of cookies. 

                    
The Browser cookies are disabled and you will not be able to Login to Polymerupdate. Please enable the cookies from the Browser settings by following the instructions provided in the 
. Re-load the page once the cookies are enabled.
Enable cookies from your browser settings and   
 the page to enjoy our services seamlessly
Copyright 1999 - 2026 
Polymerupdate.com",N/A,N/A,N/A,N/A,https://www.polymerupdate.com/News/Details/1496753/ldpe,A producer from Saudi Arabia offers Low density polyethylene (LDPE Heavy Duty) in Mozambique,,Polymerupdate,"Click the 
 icon to add a specified price to your Dashboard list. This makes it easy to keep track on the prices that matter most to you.
                
Share This Article
News Type
Products

                        We use cookies to authenticate, authorize, verify, analyze and secure the application. The application will not work with cookies disabled. if the cookies are disabled on your browser, please enable them from browser settings. By clicking 
 , you provide your consent for use of cookies. 

                    
The Browser cookies are disabled and you will not be able to Login to Polymerupdate. Please enable the cookies from the Browser settings by following the instructions provided in the 
. Re-load the page once the cookies are enabled.
Enable cookies from your browser settings and   
 the page to enjoy our services seamlessly
Copyright 1999 - 2026 
Polymerupdate.com"
,LDPE,"SNAPSHOT: Chennai market as of July 08, 2026","Click the 
 icon to add a specified price to your Dashboard list. This makes it easy to keep track on the prices that matter most to you.
                
Share This Article
News Type
Products

                        We use cookies to authenticate, authorize, verify, analyze and secure the application. The application will not work with cookies disabled. if the cookies are disabled on your browser, please enable them from browser settings. By clicking 
 , you provide your consent for use of cookies. 

                    
The Browser cookies are disabled and you will not be able to Login to Polymerupdate. Please enable the cookies from the Browser settings by following the instructions provided in the 
. Re-load the page once the cookies are enabled.
Enable cookies from your browser settings and   
 the page to enjoy our services seamlessly
Copyright 1999 - 2026 
Polymerupdate.com",N/A,N/A,N/A,N/A,https://www.polymerupdate.com/News/Details/1496754/ldpe,"SNAPSHOT: Chennai market as of July 08, 2026",,Polymerupdate,"Click the 
 icon to add a specified price to your Dashboard list. This makes it easy to keep track on the prices that matter most to you.
                
Share This Article
News Type
Products

                        We use cookies to authenticate, authorize, verify, analyze and secure the application. The application will not work with cookies disabled. if the cookies are disabled on your browser, please enable them from browser settings. By clicking 
 , you provide your consent for use of cookies. 

                    
The Browser cookies are disabled and you will not be able to Login to Polymerupdate. Please enable the cookies from the Browser settings by following the instructions provided in the 
. Re-load the page once the cookies are enabled.
Enable cookies from your browser settings and   
 the page to enjoy our services seamlessly
Copyright 1999 - 2026 
Polymerupdate.com"
,LDPE,"SNAPSHOT: Delhi market as of July 08, 2026","Click the 
 icon to add a specified price to your Dashboard list. This makes it easy to keep track on the prices that matter most to you.
                
Share This Article
News Type
Products

                        We use cookies to authenticate, authorize, verify, analyze and secure the application. The application will not work with cookies disabled. if the cookies are disabled on your browser, please enable them from browser settings. By clicking 
 , you provide your consent for use of cookies. 

                    
The Browser cookies are disabled and you will not be able to Login to Polymerupdate. Please enable the cookies from the Browser settings by following the instructions provided in the 
. Re-load the page once the cookies are enabled.
Enable cookies from your browser settings and   
 the page to enjoy our services seamlessly
Copyright 1999 - 2026 
Polymerupdate.com",N/A,N/A,N/A,N/A,https://www.polymerupdate.com/News/Details/1496744/ldpe,"SNAPSHOT: Delhi market as of July 08, 2026",,Polymerupdate,"Click the 
 icon to add a specified price to your Dashboard list. This makes it easy to keep track on the prices that matter most to you.
                
Share This Article
News Type
Products

                        We use cookies to authenticate, authorize, verify, analyze and secure the application. The application will not work with cookies disabled. if the cookies are disabled on your browser, please enable them from browser settings. By clicking 
 , you provide your consent for use of cookies. 

                    
The Browser cookies are disabled and you will not be able to Login to Polymerupdate. Please enable the cookies from the Browser settings by following the instructions provided in the 
. Re-load the page once the cookies are enabled.
Enable cookies from your browser settings and   
 the page to enjoy our services seamlessly
Copyright 1999 - 2026 
Polymerupdate.com"
,LDPE,"SNAPSHOT: Kolkata market as of July 08, 2026","Click the 
 icon to add a specified price to your Dashboard list. This makes it easy to keep track on the prices that matter most to you.
                
Share This Article
News Type
Products

                        We use cookies to authenticate, authorize, verify, analyze and secure the application. The application will not work with cookies disabled. if the cookies are disabled on your browser, please enable them from browser settings. By clicking 
 , you provide your consent for use of cookies. 

                    
The Browser cookies are disabled and you will not be able to Login to Polymerupdate. Please enable the cookies from the Browser settings by following the instructions provided in the 
. Re-load the page once the cookies are enabled.
Enable cookies from your browser settings and   
 the page to enjoy our services seamlessly
Copyright 1999 - 2026 
Polymerupdate.com",N/A,N/A,N/A,N/A,https://www.polymerupdate.com/News/Details/1496745/ldpe,"SNAPSHOT: Kolkata market as of July 08, 2026",,Polymerupdate,"Click the 
 icon to add a specified price to your Dashboard list. This makes it easy to keep track on the prices that matter most to you.
                
Share This Article
News Type
Products

                        We use cookies to authenticate, authorize, verify, analyze and secure the application. The application will not work with cookies disabled. if the cookies are disabled on your browser, please enable them from browser settings. By clicking 
 , you provide your consent for use of cookies. 

                    
The Browser cookies are disabled and you will not be able to Login to Polymerupdate. Please enable the cookies from the Browser settings by following the instructions provided in the 
. Re-load the page once the cookies are enabled.
Enable cookies from your browser settings and   
 the page to enjoy our services seamlessly
Copyright 1999 - 2026 
Polymerupdate.com"
,LDPE,"SNAPSHOT: Ahmedabad market as of July 08, 2026","Click the 
 icon to add a specified price to your Dashboard list. This makes it easy to keep track on the prices that matter most to you.
                
Share This Article
News Type
Products

                        We use cookies to authenticate, authorize, verify, analyze and secure the application. The application will not work with cookies disabled. if the cookies are disabled on your browser, please enable them from browser settings. By clicking 
 , you provide your consent for use of cookies. 

                    
The Browser cookies are disabled and you will not be able to Login to Polymerupdate. Please enable the cookies from the Browser settings by following the instructions provided in the 
. Re-load the page once the cookies are enabled.
Enable cookies from your browser settings and   
 the page to enjoy our services seamlessly
Copyright 1999 - 2026 
Polymerupdate.com",N/A,N/A,N/A,N/A,https://www.polymerupdate.com/News/Details/1496778/ldpe,"SNAPSHOT: Ahmedabad market as of July 08, 2026",,Polymerupdate,"Click the 
 icon to add a specified price to your Dashboard list. This makes it easy to keep track on the prices that matter most to you.
                
Share This Article
News Type
Products

                        We use cookies to authenticate, authorize, verify, analyze and secure the application. The application will not work with cookies disabled. if the cookies are disabled on your browser, please enable them from browser settings. By clicking 
 , you provide your consent for use of cookies. 

                    
The Browser cookies are disabled and you will not be able to Login to Polymerupdate. Please enable the cookies from the Browser settings by following the instructions provided in the 
. Re-load the page once the cookies are enabled.
Enable cookies from your browser settings and   
 the page to enjoy our services seamlessly
Copyright 1999 - 2026 
Polymerupdate.com"
,LDPE,"Indian Open Markets Price Table – July 8, 2026","Click the 
 icon to add a specified price to your Dashboard list. This makes it easy to keep track on the prices that matter most to you.
                
Share This Article
News Type
Products

                        We use cookies to authenticate, authorize, verify, analyze and secure the application. The application will not work with cookies disabled. if the cookies are disabled on your browser, please enable them from browser settings. By clicking 
 , you provide your consent for use of cookies. 

                    
The Browser cookies are disabled and you will not be able to Login to Polymerupdate. Please enable the cookies from the Browser settings by following the instructions provided in the 
. Re-load the page once the cookies are enabled.
Enable cookies from your browser settings and   
 the page to enjoy our services seamlessly
Copyright 1999 - 2026 
Polymerupdate.com",N/A,N/A,N/A,N/A,https://www.polymerupdate.com/News/Details/1496811/ldpe,"Indian Open Markets Price Table – July 8, 2026",,Polymerupdate,"Click the 
 icon to add a specified price to your Dashboard list. This makes it easy to keep track on the prices that matter most to you.
                
Share This Article
News Type
Products

                        We use cookies to authenticate, authorize, verify, analyze and secure the application. The application will not work with cookies disabled. if the cookies are disabled on your browser, please enable them from browser settings. By clicking 
 , you provide your consent for use of cookies. 

                    
The Browser cookies are disabled and you will not be able to Login to Polymerupdate. Please enable the cookies from the Browser settings by following the instructions provided in the 
. Re-load the page once the cookies are enabled.
Enable cookies from your browser settings and   
 the page to enjoy our services seamlessly
Copyright 1999 - 2026 
Polymerupdate.com"
,LDPE,"SNAPSHOT: Punjab market as of July 08, 2026","Click the 
 icon to add a specified price to your Dashboard list. This makes it easy to keep track on the prices that matter most to you.
                
Share This Article
News Type
Products

                        We use cookies to authenticate, authorize, verify, analyze and secure the application. The application will not work with cookies disabled. if the cookies are disabled on your browser, please enable them from browser settings. By clicking 
 , you provide your consent for use of cookies. 

                    
The Browser cookies are disabled and you will not be able to Login to Polymerupdate. Please enable the cookies from the Browser settings by following the instructions provided in the 
. Re-load the page once the cookies are enabled.
Enable cookies from your browser settings and   
 the page to enjoy our services seamlessly
Copyright 1999 - 2026 
Polymerupdate.com",N/A,N/A,N/A,N/A,https://www.polymerupdate.com/News/Details/1496781/ldpe,"SNAPSHOT: Punjab market as of July 08, 2026",,Polymerupdate,"Click the 
 icon to add a specified price to your Dashboard list. This makes it easy to keep track on the prices that matter most to you.
                
Share This Article
News Type
Products

                        We use cookies to authenticate, authorize, verify, analyze and secure the application. The application will not work with cookies disabled. if the cookies are disabled on your browser, please enable them from browser settings. By clicking 
 , you provide your consent for use of cookies. 

                    
The Browser cookies are disabled and you will not be able to Login to Polymerupdate. Please enable the cookies from the Browser settings by following the instructions provided in the 
. Re-load the page once the cookies are enabled.
Enable cookies from your browser settings and   
 the page to enjoy our services seamlessly
Copyright 1999 - 2026 
Polymerupdate.com"
,LDPE,"SNAPSHOT: Bangladesh market as of July 08, 2026","Click the 
 icon to add a specified price to your Dashboard list. This makes it easy to keep track on the prices that matter most to you.
                
Share This Article
News Type
Products

                        We use cookies to authenticate, authorize, verify, analyze and secure the application. The application will not work with cookies disabled. if the cookies are disabled on your browser, please enable them from browser settings. By clicking 
 , you provide your consent for use of cookies. 

                    
The Browser cookies are disabled and you will not be able to Login to Polymerupdate. Please enable the cookies from the Browser settings by following the instructions provided in the 
. Re-load the page once the cookies are enabled.
Enable cookies from your browser settings and   
 the page to enjoy our services seamlessly
Copyright 1999 - 2026 
Polymerupdate.com",N/A,N/A,N/A,N/A,https://www.polymerupdate.com/News/Details/1496741/ldpe,"SNAPSHOT: Bangladesh market as of July 08, 2026",,Polymerupdate,"Click the 
 icon to add a specified price to your Dashboard list. This makes it easy to keep track on the prices that matter most to you.
                
Share This Article
News Type
Products

                        We use cookies to authenticate, authorize, verify, analyze and secure the application. The application will not work with cookies disabled. if the cookies are disabled on your browser, please enable them from browser settings. By clicking 
 , you provide your consent for use of cookies. 

                    
The Browser cookies are disabled and you will not be able to Login to Polymerupdate. Please enable the cookies from the Browser settings by following the instructions provided in the 
. Re-load the page once the cookies are enabled.
Enable cookies from your browser settings and   
 the page to enjoy our services seamlessly
Copyright 1999 - 2026 
Polymerupdate.com"
,LDPE,"China domestic producer prices of Low-density polyethylene (LDPE) as of July 08, 2026","Click the 
 icon to add a specified price to your Dashboard list. This makes it easy to keep track on the prices that matter most to you.
                
Share This Article
News Type
Products

                        We use cookies to authenticate, authorize, verify, analyze and secure the application. The application will not work with cookies disabled. if the cookies are disabled on your browser, please enable them from browser settings. By clicking 
 , you provide your consent for use of cookies. 

                    
The Browser cookies are disabled and you will not be able to Login to Polymerupdate. Please enable the cookies from the Browser settings by following the instructions provided in the 
. Re-load the page once the cookies are enabled.
Enable cookies from your browser settings and   
 the page to enjoy our services seamlessly
Copyright 1999 - 2026 
Polymerupdate.com",N/A,N/A,N/A,N/A,https://www.polymerupdate.com/News/Details/1496649/ldpe,"China domestic producer prices of Low-density polyethylene (LDPE) as of July 08, 2026",,Polymerupdate,"Click the 
 icon to add a specified price to your Dashboard list. This makes it easy to keep track on the prices that matter most to you.
                
Share This Article
News Type
Products

                        We use cookies to authenticate, authorize, verify, analyze and secure the application. The application will not work with cookies disabled. if the cookies are disabled on your browser, please enable them from browser settings. By clicking 
 , you provide your consent for use of cookies. 

                    
The Browser cookies are disabled and you will not be able to Login to Polymerupdate. Please enable the cookies from the Browser settings by following the instructions provided in the 
. Re-load the page once the cookies are enabled.
Enable cookies from your browser settings and   
 the page to enjoy our services seamlessly
Copyright 1999 - 2026 
Polymerupdate.com"
,LDPE,Reliance Industries Limited (RIL) announces Polyethylene (PE) prices in the domestic markets of India,"Click the 
 icon to add a specified price to your Dashboard list. This makes it easy to keep track on the prices that matter most to you.
                
Share This Article
News Type
Products

                        We use cookies to authenticate, authorize, verify, analyze and secure the application. The application will not work with cookies disabled. if the cookies are disabled on your browser, please enable them from browser settings. By clicking 
 , you provide your consent for use of cookies. 

                    
The Browser cookies are disabled and you will not be able to Login to Polymerupdate. Please enable the cookies from the Browser settings by following the instructions provided in the 
. Re-load the page once the cookies are enabled.
Enable cookies from your browser settings and   
 the page to enjoy our services seamlessly
Copyright 1999 - 2026 
Polymerupdate.com",N/A,N/A,N/A,N/A,https://www.polymerupdate.com/News/Details/1496819/ldpe,Reliance Industries Limited (RIL) announces Polyethylene (PE) prices in the domestic markets of India,,Polymerupdate,"Click the 
 icon to add a specified price to your Dashboard list. This makes it easy to keep track on the prices that matter most to you.
                
Share This Article
News Type
Products

                        We use cookies to authenticate, authorize, verify, analyze and secure the application. The application will not work with cookies disabled. if the cookies are disabled on your browser, please enable them from browser settings. By clicking 
 , you provide your consent for use of cookies. 

                    
The Browser cookies are disabled and you will not be able to Login to Polymerupdate. Please enable the cookies from the Browser settings by following the instructions provided in the 
. Re-load the page once the cookies are enabled.
Enable cookies from your browser settings and   
 the page to enjoy our services seamlessly
Copyright 1999 - 2026 
Polymerupdate.com"
,LDPE,"SNAPSHOT: Rajasthan market as of July 08, 2026","Click the 
 icon to add a specified price to your Dashboard list. This makes it easy to keep track on the prices that matter most to you.
                
Share This Article
News Type
Products

                        We use cookies to authenticate, authorize, verify, analyze and secure the application. The application will not work with cookies disabled. if the cookies are disabled on your browser, please enable them from browser settings. By clicking 
 , you provide your consent for use of cookies. 

                    
The Browser cookies are disabled and you will not be able to Login to Polymerupdate. Please enable the cookies from the Browser settings by following the instructions provided in the 
. Re-load the page once the cookies are enabled.
Enable cookies from your browser settings and   
 the page to enjoy our services seamlessly
Copyright 1999 - 2026 
Polymerupdate.com",N/A,N/A,N/A,N/A,https://www.polymerupdate.com/News/Details/1496780/ldpe,"SNAPSHOT: Rajasthan market as of July 08, 2026",,Polymerupdate,"Click the 
 icon to add a specified price to your Dashboard list. This makes it easy to keep track on the prices that matter most to you.
                
Share This Article
News Type
Products

                        We use cookies to authenticate, authorize, verify, analyze and secure the application. The application will not work with cookies disabled. if the cookies are disabled on your browser, please enable them from browser settings. By clicking 
 , you provide your consent for use of cookies. 

                    
The Browser cookies are disabled and you will not be able to Login to Polymerupdate. Please enable the cookies from the Browser settings by following the instructions provided in the 
. Re-load the page once the cookies are enabled.
Enable cookies from your browser settings and   
 the page to enjoy our services seamlessly
Copyright 1999 - 2026 
Polymerupdate.com"
,LDPE,"SNAPSHOT: Bangalore market as of July 08, 2026","Click the 
 icon to add a specified price to your Dashboard list. This makes it easy to keep track on the prices that matter most to you.
                
Share This Article
News Type
Products

                        We use cookies to authenticate, authorize, verify, analyze and secure the application. The application will not work with cookies disabled. if the cookies are disabled on your browser, please enable them from browser settings. By clicking 
 , you provide your consent for use of cookies. 

                    
The Browser cookies are disabled and you will not be able to Login to Polymerupdate. Please enable the cookies from the Browser settings by following the instructions provided in the 
. Re-load the page once the cookies are enabled.
Enable cookies from your browser settings and   
 the page to enjoy our services seamlessly
Copyright 1999 - 2026 
Polymerupdate.com",N/A,N/A,N/A,N/A,https://www.polymerupdate.com/News/Details/1496763/ldpe,"SNAPSHOT: Bangalore market as of July 08, 2026",,Polymerupdate,"Click the 
 icon to add a specified price to your Dashboard list. This makes it easy to keep track on the prices that matter most to you.
                
Share This Article
News Type
Products

                        We use cookies to authenticate, authorize, verify, analyze and secure the application. The application will not work with cookies disabled. if the cookies are disabled on your browser, please enable them from browser settings. By clicking 
 , you provide your consent for use of cookies. 

                    
The Browser cookies are disabled and you will not be able to Login to Polymerupdate. Please enable the cookies from the Browser settings by following the instructions provided in the 
. Re-load the page once the cookies are enabled.
Enable cookies from your browser settings and   
 the page to enjoy our services seamlessly
Copyright 1999 - 2026 
Polymerupdate.com"
,LDPE,"SNAPSHOT: Hyderabad market as of July 08, 2026","Click the 
 icon to add a specified price to your Dashboard list. This makes it easy to keep track on the prices that matter most to you.
                
Share This Article
News Type
Products

                        We use cookies to authenticate, authorize, verify, analyze and secure the application. The application will not work with cookies disabled. if the cookies are disabled on your browser, please enable them from browser settings. By clicking 
 , you provide your consent for use of cookies. 

                    
The Browser cookies are disabled and you will not be able to Login to Polymerupdate. Please enable the cookies from the Browser settings by following the instructions provided in the 
. Re-load the page once the cookies are enabled.
Enable cookies from your browser settings and   
 the page to enjoy our services seamlessly
Copyright 1999 - 2026 
Polymerupdate.com",N/A,N/A,N/A,N/A,https://www.polymerupdate.com/News/Details/1496786/ldpe,"SNAPSHOT: Hyderabad market as of July 08, 2026",,Polymerupdate,"Click the 
 icon to add a specified price to your Dashboard list. This makes it easy to keep track on the prices that matter most to you.
                
Share This Article
News Type
Products

                        We use cookies to authenticate, authorize, verify, analyze and secure the application. The application will not work with cookies disabled. if the cookies are disabled on your browser, please enable them from browser settings. By clicking 
 , you provide your consent for use of cookies. 

                    
The Browser cookies are disabled and you will not be able to Login to Polymerupdate. Please enable the cookies from the Browser settings by following the instructions provided in the 
. Re-load the page once the cookies are enabled.
Enable cookies from your browser settings and   
 the page to enjoy our services seamlessly
Copyright 1999 - 2026 
Polymerupdate.com"
,LDPE,Fresh offers for Low density polyethylene (LDPE Film) in Mozambique,"Click the 
 icon to add a specified price to your Dashboard list. This makes it easy to keep track on the prices that matter most to you.
                
Share This Article
News Type
Products

                        We use cookies to authenticate, authorize, verify, analyze and secure the application. The application will not work with cookies disabled. if the cookies are disabled on your browser, please enable them from browser settings. By clicking 
 , you provide your consent for use of cookies. 

                    
The Browser cookies are disabled and you will not be able to Login to Polymerupdate. Please enable the cookies from the Browser settings by following the instructions provided in the 
. Re-load the page once the cookies are enabled.
Enable cookies from your browser settings and   
 the page to enjoy our services seamlessly
Copyright 1999 - 2026 
Polymerupdate.com",N/A,N/A,N/A,N/A,https://www.polymerupdate.com/News/Details/1496755/ldpe,Fresh offers for Low density polyethylene (LDPE Film) in Mozambique,,Polymerupdate,"Click the 
 icon to add a specified price to your Dashboard list. This makes it easy to keep track on the prices that matter most to you.
                
Share This Article
News Type
Products

                        We use cookies to authenticate, authorize, verify, analyze and secure the application. The application will not work with cookies disabled. if the cookies are disabled on your browser, please enable them from browser settings. By clicking 
 , you provide your consent for use of cookies. 

                    
The Browser cookies are disabled and you will not be able to Login to Polymerupdate. Please enable the cookies from the Browser settings by following the instructions provided in the 
. Re-load the page once the cookies are enabled.
Enable cookies from your browser settings and   
 the page to enjoy our services seamlessly
Copyright 1999 - 2026 
Polymerupdate.com"
,rPP,"[HIGHLIGHT - PP] SNAPSHOT: Bangalore market as of July 08, 2026","Click the 
 icon to add a specified price to your Dashboard list. This makes it easy to keep track on the prices that matter most to you.
                
Share This Article
News Type
Products

                        We use cookies to authenticate, authorize, verify, analyze and secure the application. The application will not work with cookies disabled. if the cookies are disabled on your browser, please enable them from browser settings. By clicking 
 , you provide your consent for use of cookies. 

                    
The Browser cookies are disabled and you will not be able to Login to Polymerupdate. Please enable the cookies from the Browser settings by following the instructions provided in the 
. Re-load the page once the cookies are enabled.
Enable cookies from your browser settings and   
 the page to enjoy our services seamlessly
Copyright 1999 - 2026 
Polymerupdate.com",103X,137270,133540,"June 06 , 2026",https://www.polymerupdate.com/News/Details/1496763/pp,"SNAPSHOT: Bangalore market as of July 08, 2026",,Polymerupdate,"Click the 
 icon to add a specified price to your Dashboard list. This makes it easy to keep track on the prices that matter most to you.
                
Share This Article
News Type
Products

                        We use cookies to authenticate, authorize, verify, analyze and secure the application. The application will not work with cookies disabled. if the cookies are disabled on your browser, please enable them from browser settings. By clicking 
 , you provide your consent for use of cookies. 

                    
The Browser cookies are disabled and you will not be able to Login to Polymerupdate. Please enable the cookies from the Browser settings by following the instructions provided in the 
. Re-load the page once the cookies are enabled.
Enable cookies from your browser settings and   
 the page to enjoy our services seamlessly
Copyright 1999 - 2026 
Polymerupdate.com"
08 Jul 2026 06:30 IST,rPP,"[HIGHLIGHT - PP] Domestic prices of Ethylene Dichloride (EDC) China as of July 07, 2026","Category: PP | Title: [HIGHLIGHT - PP] Domestic prices of Ethylene Dichloride (EDC) China as of July 07, 2026 | Published: 08 Jul 2026 06:30 IST",103X,137270,133540,"June 06 , 2026",https://www.polymerupdate.com/News/Details/1496462/pp,,,,
08 Jul 2026 06:05 IST,rPP,"[HIGHLIGHT - PP] Domestic prices of Propylene China as of July 07, 2026","Category: PP | Title: [HIGHLIGHT - PP] Domestic prices of Propylene China as of July 07, 2026 | Published: 08 Jul 2026 06:05 IST",103X,137270,133540,"June 06 , 2026",https://www.polymerupdate.com/News/Details/1496457/pp,,,,
08 Jul 2026 04:40 IST,rPP,"[HIGHLIGHT - PP] China domestic producer prices of Polypropylene (PP) as of July 07, 2026","Category: PP | Title: [HIGHLIGHT - PP] China domestic producer prices of Polypropylene (PP) as of July 07, 2026 | Published: 08 Jul 2026 04:40 IST",103X,137270,133540,"June 06 , 2026",https://www.polymerupdate.com/News/Details/1496423/pp,,,,
07 Jul 2026 18:00 IST,rPP,[HIGHLIGHT - PP] Propylene prices hold steady in the United States,Category: PP | Title: [HIGHLIGHT - PP] Propylene prices hold steady in the United States | Published: 07 Jul 2026 18:00 IST,103X,137270,133540,"June 06 , 2026",https://www.polymerupdate.com/News/Details/1496414/pp,,,,
07 Jul 2026 17:40 IST,rPP,"[HIGHLIGHT - PP] SNAPSHOT: Mumbai market as of July 07, 2026","Category: PP | Title: [HIGHLIGHT - PP] SNAPSHOT: Mumbai market as of July 07, 2026 | Published: 07 Jul 2026 17:40 IST",103X,137270,133540,"June 06 , 2026",https://www.polymerupdate.com/News/Details/1496508/pp,,,,
07 Jul 2026 17:35 IST,rPP,"[HIGHLIGHT - PP] SNAPSHOT: Delhi market as of July 07, 2026","Category: PP | Title: [HIGHLIGHT - PP] SNAPSHOT: Delhi market as of July 07, 2026 | Published: 07 Jul 2026 17:35 IST",103X,137270,133540,"June 06 , 2026",https://www.polymerupdate.com/News/Details/1496509/pp,,,,
07 Jul 2026 17:20 IST,rPP,"[HIGHLIGHT - PP] SNAPSHOT: Ahmedabad market as of July 07, 2026","Category: PP | Title: [HIGHLIGHT - PP] SNAPSHOT: Ahmedabad market as of July 07, 2026 | Published: 07 Jul 2026 17:20 IST",103X,137270,133540,"June 06 , 2026",https://www.polymerupdate.com/News/Details/1496510/pp,,,,
07 Jul 2026 17:15 IST,rPP,"[HIGHLIGHT - PP] SNAPSHOT: Chennai market as of July 07, 2026","Category: PP | Title: [HIGHLIGHT - PP] SNAPSHOT: Chennai market as of July 07, 2026 | Published: 07 Jul 2026 17:15 IST",103X,137270,133540,"June 06 , 2026",https://www.polymerupdate.com/News/Details/1496511/pp,,,,
07 Jul 2026 17:12 IST,rPP,"[HIGHLIGHT - PP] SNAPSHOT: Kolkata market as of July 07, 2026","Category: PP | Title: [HIGHLIGHT - PP] SNAPSHOT: Kolkata market as of July 07, 2026 | Published: 07 Jul 2026 17:12 IST",103X,137270,133540,"June 06 , 2026",https://www.polymerupdate.com/News/Details/1496512/pp,,,,
07 Jul 2026 17:10 IST,rPP,"[HIGHLIGHT - PP] SNAPSHOT: Bangalore market as of July 07, 2026","Category: PP | Title: [HIGHLIGHT - PP] SNAPSHOT: Bangalore market as of July 07, 2026 | Published: 07 Jul 2026 17:10 IST",103X,137270,133540,"June 06 , 2026",https://www.polymerupdate.com/News/Details/1496513/pp,,,,
07 Jul 2026 17:05 IST,rPP,"[HIGHLIGHT - PP] SNAPSHOT: Hyderabad market as of July 07, 2026","Category: PP | Title: [HIGHLIGHT - PP] SNAPSHOT: Hyderabad market as of July 07, 2026 | Published: 07 Jul 2026 17:05 IST",103X,137270,133540,"June 06 , 2026",https://www.polymerupdate.com/News/Details/1496514/pp,,,,
07 Jul 2026 17:01 IST,rPP,[HIGHLIGHT - PP] Latest offers for Polypropylene (PP Impact Copolymer) in South Africa,Category: PP | Title: [HIGHLIGHT - PP] Latest offers for Polypropylene (PP Impact Copolymer) in South Africa | Published: 07 Jul 2026 17:01 IST,103X,137270,133540,"June 06 , 2026",https://www.polymerupdate.com/News/Details/1496552/pp,,,,
07 Jul 2026 16:55 IST,rPP,"[HIGHLIGHT - PP] SNAPSHOT: Indore market as of July 07, 2026","Category: PP | Title: [HIGHLIGHT - PP] SNAPSHOT: Indore market as of July 07, 2026 | Published: 07 Jul 2026 16:55 IST",103X,137270,133540,"June 06 , 2026",https://www.polymerupdate.com/News/Details/1496515/pp,,,,
07 Jul 2026 16:40 IST,rPP,"[HIGHLIGHT - PP] SNAPSHOT: Kanpur market as of July 07, 2026","Category: PP | Title: [HIGHLIGHT - PP] SNAPSHOT: Kanpur market as of July 07, 2026 | Published: 07 Jul 2026 16:40 IST",103X,137270,133540,"June 06 , 2026",https://www.polymerupdate.com/News/Details/1496516/pp,,,,
07 Jul 2026 16:38 IST,rPP,"[HIGHLIGHT - PP] SNAPSHOT: Punjab market as of July 07, 2026","Category: PP | Title: [HIGHLIGHT - PP] SNAPSHOT: Punjab market as of July 07, 2026 | Published: 07 Jul 2026 16:38 IST",103X,137270,133540,"June 06 , 2026",https://www.polymerupdate.com/News/Details/1496517/pp,,,,
07 Jul 2026 16:35 IST,rPP,"[HIGHLIGHT - PP] SNAPSHOT: Rajasthan market as of July 07, 2026","Category: PP | Title: [HIGHLIGHT - PP] SNAPSHOT: Rajasthan market as of July 07, 2026 | Published: 07 Jul 2026 16:35 IST",103X,137270,133540,"June 06 , 2026",https://www.polymerupdate.com/News/Details/1496518/pp,,,,
07 Jul 2026 16:25 IST,rPP,"[HIGHLIGHT - PP] SNAPSHOT: Kerala market as of July 07, 2026","Category: PP | Title: [HIGHLIGHT - PP] SNAPSHOT: Kerala market as of July 07, 2026 | Published: 07 Jul 2026 16:25 IST",103X,137270,133540,"June 06 , 2026",https://www.polymerupdate.com/News/Details/1496519/pp,,,,
07 Jul 2026 16:20 IST,rPP,"[HIGHLIGHT - PP] SNAPSHOT: Patna market as of July 07, 2026","Category: PP | Title: [HIGHLIGHT - PP] SNAPSHOT: Patna market as of July 07, 2026 | Published: 07 Jul 2026 16:20 IST",103X,137270,133540,"June 06 , 2026",https://www.polymerupdate.com/News/Details/1496520/pp,,,,
07 Jul 2026 16:18 IST,rPP,"[HIGHLIGHT - PP] SNAPSHOT: Pakistan (Lahore) market as of July 07, 2026","Category: PP | Title: [HIGHLIGHT - PP] SNAPSHOT: Pakistan (Lahore) market as of July 07, 2026 | Published: 07 Jul 2026 16:18 IST",103X,137270,133540,"June 06 , 2026",https://www.polymerupdate.com/News/Details/1496521/pp,,,,
07 Jul 2026 16:16 IST,rPP,"[HIGHLIGHT - PP] Market Rumours: PP, PE, and PVC domestic updates of India","Category: PP | Title: [HIGHLIGHT - PP] Market Rumours: PP, PE, and PVC domestic updates of India | Published: 07 Jul 2026 16:16 IST",103X,137270,133540,"June 06 , 2026",https://www.polymerupdate.com/News/Details/1496497/pp,,,,
07 Jul 2026 16:13 IST,rPP,"[HIGHLIGHT - PP] SNAPSHOT: Pakistan (Karachi) market as of July 07, 2026","Category: PP | Title: [HIGHLIGHT - PP] SNAPSHOT: Pakistan (Karachi) market as of July 07, 2026 | Published: 07 Jul 2026 16:13 IST",103X,137270,133540,"June 06 , 2026",https://www.polymerupdate.com/News/Details/1496522/pp,,,,
07 Jul 2026 16:08 IST,rPP,"[HIGHLIGHT - PP] SNAPSHOT: Bangladesh market as of July 07, 2026","Category: PP | Title: [HIGHLIGHT - PP] SNAPSHOT: Bangladesh market as of July 07, 2026 | Published: 07 Jul 2026 16:08 IST",103X,137270,133540,"June 06 , 2026",https://www.polymerupdate.com/News/Details/1496523/pp,,,,
07 Jul 2026 16:05 IST,rPP,"[HIGHLIGHT - PP] SNAPSHOT: Sri Lanka market as of July 07, 2026","Category: PP | Title: [HIGHLIGHT - PP] SNAPSHOT: Sri Lanka market as of July 07, 2026 | Published: 07 Jul 2026 16:05 IST",103X,137270,133540,"June 06 , 2026",https://www.polymerupdate.com/News/Details/1496524/pp,,,,
07 Jul 2026 16:01 IST,rPP,[HIGHLIGHT - PP] Fresh offers for Polypropylene (PP Impact Copolymer) in South Africa,Category: PP | Title: [HIGHLIGHT - PP] Fresh offers for Polypropylene (PP Impact Copolymer) in South Africa | Published: 07 Jul 2026 16:01 IST,103X,137270,133540,"June 06 , 2026",https://www.polymerupdate.com/News/Details/1496551/pp,,,,
07 Jul 2026 15:53 IST,rPP,"[HIGHLIGHT - PP] SNAPSHOT: Nepal market as of July 07, 2026","Category: PP | Title: [HIGHLIGHT - PP] SNAPSHOT: Nepal market as of July 07, 2026 | Published: 07 Jul 2026 15:53 IST",103X,137270,133540,"June 06 , 2026",https://www.polymerupdate.com/News/Details/1496525/pp,,,,
07 Jul 2026 17:40 IST,LLDPE,"SNAPSHOT: Mumbai market as of July 07, 2026","Category: LLDPE | Title: SNAPSHOT: Mumbai market as of July 07, 2026 | Published: 07 Jul 2026 17:40 IST",N/A,N/A,N/A,N/A,https://www.polymerupdate.com/News/Details/1496508/lldpe,,,,
07 Jul 2026 17:35 IST,LLDPE,"SNAPSHOT: Delhi market as of July 07, 2026","Category: LLDPE | Title: SNAPSHOT: Delhi market as of July 07, 2026 | Published: 07 Jul 2026 17:35 IST",N/A,N/A,N/A,N/A,https://www.polymerupdate.com/News/Details/1496509/lldpe,,,,
07 Jul 2026 17:20 IST,LLDPE,"SNAPSHOT: Ahmedabad market as of July 07, 2026","Category: LLDPE | Title: SNAPSHOT: Ahmedabad market as of July 07, 2026 | Published: 07 Jul 2026 17:20 IST",N/A,N/A,N/A,N/A,https://www.polymerupdate.com/News/Details/1496510/lldpe,,,,
07 Jul 2026 17:15 IST,LLDPE,"SNAPSHOT: Chennai market as of July 07, 2026","Category: LLDPE | Title: SNAPSHOT: Chennai market as of July 07, 2026 | Published: 07 Jul 2026 17:15 IST",N/A,N/A,N/A,N/A,https://www.polymerupdate.com/News/Details/1496511/lldpe,,,,
07 Jul 2026 17:12 IST,LLDPE,"SNAPSHOT: Kolkata market as of July 07, 2026","Category: LLDPE | Title: SNAPSHOT: Kolkata market as of July 07, 2026 | Published: 07 Jul 2026 17:12 IST",N/A,N/A,N/A,N/A,https://www.polymerupdate.com/News/Details/1496512/lldpe,,,,
07 Jul 2026 17:10 IST,LLDPE,"SNAPSHOT: Bangalore market as of July 07, 2026","Category: LLDPE | Title: SNAPSHOT: Bangalore market as of July 07, 2026 | Published: 07 Jul 2026 17:10 IST",N/A,N/A,N/A,N/A,https://www.polymerupdate.com/News/Details/1496513/lldpe,,,,
07 Jul 2026 17:05 IST,LLDPE,"SNAPSHOT: Hyderabad market as of July 07, 2026","Category: LLDPE | Title: SNAPSHOT: Hyderabad market as of July 07, 2026 | Published: 07 Jul 2026 17:05 IST",N/A,N/A,N/A,N/A,https://www.polymerupdate.com/News/Details/1496514/lldpe,,,,
07 Jul 2026 17:03 IST,LLDPE,A South Korean producer offers Linear low density polyethylene (LLDPE Injection) in Vietnam,Category: LLDPE | Title: A South Korean producer offers Linear low density polyethylene (LLDPE Injection) in Vietnam | Published: 07 Jul 2026 17:03 IST,N/A,N/A,N/A,N/A,https://www.polymerupdate.com/News/Details/1496407/lldpe,,,,
07 Jul 2026 16:55 IST,LLDPE,"SNAPSHOT: Indore market as of July 07, 2026","Category: LLDPE | Title: SNAPSHOT: Indore market as of July 07, 2026 | Published: 07 Jul 2026 16:55 IST",N/A,N/A,N/A,N/A,https://www.polymerupdate.com/News/Details/1496515/lldpe,,,,
07 Jul 2026 16:40 IST,LLDPE,"SNAPSHOT: Kanpur market as of July 07, 2026","Category: LLDPE | Title: SNAPSHOT: Kanpur market as of July 07, 2026 | Published: 07 Jul 2026 16:40 IST",N/A,N/A,N/A,N/A,https://www.polymerupdate.com/News/Details/1496516/lldpe,,,,
07 Jul 2026 16:38 IST,LLDPE,"SNAPSHOT: Punjab market as of July 07, 2026","Category: LLDPE | Title: SNAPSHOT: Punjab market as of July 07, 2026 | Published: 07 Jul 2026 16:38 IST",N/A,N/A,N/A,N/A,https://www.polymerupdate.com/News/Details/1496517/lldpe,,,,
07 Jul 2026 16:35 IST,LLDPE,"SNAPSHOT: Rajasthan market as of July 07, 2026","Category: LLDPE | Title: SNAPSHOT: Rajasthan market as of July 07, 2026 | Published: 07 Jul 2026 16:35 IST",N/A,N/A,N/A,N/A,https://www.polymerupdate.com/News/Details/1496518/lldpe,,,,
07 Jul 2026 16:30 IST,LLDPE,Ethylene prices edge higher in the United States,Category: LLDPE | Title: Ethylene prices edge higher in the United States | Published: 07 Jul 2026 16:30 IST,N/A,N/A,N/A,N/A,https://www.polymerupdate.com/News/Details/1496413/lldpe,,,,
07 Jul 2026 16:25 IST,LLDPE,"SNAPSHOT: Kerala market as of July 07, 2026","Category: LLDPE | Title: SNAPSHOT: Kerala market as of July 07, 2026 | Published: 07 Jul 2026 16:25 IST",N/A,N/A,N/A,N/A,https://www.polymerupdate.com/News/Details/1496519/lldpe,,,,
07 Jul 2026 16:20 IST,LLDPE,"SNAPSHOT: Patna market as of July 07, 2026","Category: LLDPE | Title: SNAPSHOT: Patna market as of July 07, 2026 | Published: 07 Jul 2026 16:20 IST",N/A,N/A,N/A,N/A,https://www.polymerupdate.com/News/Details/1496520/lldpe,,,,
07 Jul 2026 16:18 IST,LLDPE,"SNAPSHOT: Pakistan (Lahore) market as of July 07, 2026","Category: LLDPE | Title: SNAPSHOT: Pakistan (Lahore) market as of July 07, 2026 | Published: 07 Jul 2026 16:18 IST",N/A,N/A,N/A,N/A,https://www.polymerupdate.com/News/Details/1496521/lldpe,,,,
07 Jul 2026 16:16 IST,LLDPE,"Market Rumours: PP, PE, and PVC domestic updates of India","Category: LLDPE | Title: Market Rumours: PP, PE, and PVC domestic updates of India | Published: 07 Jul 2026 16:16 IST",N/A,N/A,N/A,N/A,https://www.polymerupdate.com/News/Details/1496497/lldpe,,,,
07 Jul 2026 16:13 IST,LLDPE,"SNAPSHOT: Pakistan (Karachi) market as of July 07, 2026","Category: LLDPE | Title: SNAPSHOT: Pakistan (Karachi) market as of July 07, 2026 | Published: 07 Jul 2026 16:13 IST",N/A,N/A,N/A,N/A,https://www.polymerupdate.com/News/Details/1496522/lldpe,,,,
07 Jul 2026 16:08 IST,LLDPE,"SNAPSHOT: Bangladesh market as of July 07, 2026","Category: LLDPE | Title: SNAPSHOT: Bangladesh market as of July 07, 2026 | Published: 07 Jul 2026 16:08 IST",N/A,N/A,N/A,N/A,https://www.polymerupdate.com/News/Details/1496523/lldpe,,,,
07 Jul 2026 16:05 IST,LLDPE,"SNAPSHOT: Sri Lanka market as of July 07, 2026","Category: LLDPE | Title: SNAPSHOT: Sri Lanka market as of July 07, 2026 | Published: 07 Jul 2026 16:05 IST",N/A,N/A,N/A,N/A,https://www.polymerupdate.com/News/Details/1496524/lldpe,,,,
07 Jul 2026 16:03 IST,LLDPE,Fresh offers for Linear low density polyethylene (LLDPE Film) in Vietnam by a producer from Saudi Arabia,Category: LLDPE | Title: Fresh offers for Linear low density polyethylene (LLDPE Film) in Vietnam by a producer from Saudi Arabia | Published: 07 Jul 2026 16:03 IST,N/A,N/A,N/A,N/A,https://www.polymerupdate.com/News/Details/1496406/lldpe,,,,
07 Jul 2026 15:53 IST,LLDPE,"SNAPSHOT: Nepal market as of July 07, 2026","Category: LLDPE | Title: SNAPSHOT: Nepal market as of July 07, 2026 | Published: 07 Jul 2026 15:53 IST",N/A,N/A,N/A,N/A,https://www.polymerupdate.com/News/Details/1496525/lldpe,,,,
07 Jul 2026 15:49 IST,LLDPE,"SNAPSHOT: Vietnam markets as of July 07, 2026","Category: LLDPE | Title: SNAPSHOT: Vietnam markets as of July 07, 2026 | Published: 07 Jul 2026 15:49 IST",N/A,N/A,N/A,N/A,https://www.polymerupdate.com/News/Details/1496505/lldpe,,,,
07 Jul 2026 15:46 IST,LLDPE,"Closing Price: Dalian Commodity Exchange As On July 7, 2026","Category: LLDPE | Title: Closing Price: Dalian Commodity Exchange As On July 7, 2026 | Published: 07 Jul 2026 15:46 IST",N/A,N/A,N/A,N/A,https://www.polymerupdate.com/News/Details/1496496/lldpe,,,,
07 Jul 2026 15:30 IST,LLDPE,Ethylene prices quote mixed in Europe,Category: LLDPE | Title: Ethylene prices quote mixed in Europe | Published: 07 Jul 2026 15:30 IST,N/A,N/A,N/A,N/A,https://www.polymerupdate.com/News/Details/1496382/lldpe,,,,
07 Jul 2026 17:35 IST,PVC,"SNAPSHOT: Delhi market as of July 07, 2026","Category: PVC | Title: SNAPSHOT: Delhi market as of July 07, 2026 | Published: 07 Jul 2026 17:35 IST",N/A,N/A,N/A,N/A,https://www.polymerupdate.com/News/Details/1496509/pvc,,,,
07 Jul 2026 17:20 IST,PVC,"SNAPSHOT: Ahmedabad market as of July 07, 2026","Category: PVC | Title: SNAPSHOT: Ahmedabad market as of July 07, 2026 | Published: 07 Jul 2026 17:20 IST",N/A,N/A,N/A,N/A,https://www.polymerupdate.com/News/Details/1496510/pvc,,,,
07 Jul 2026 17:15 IST,PVC,"SNAPSHOT: Chennai market as of July 07, 2026","Category: PVC | Title: SNAPSHOT: Chennai market as of July 07, 2026 | Published: 07 Jul 2026 17:15 IST",N/A,N/A,N/A,N/A,https://www.polymerupdate.com/News/Details/1496511/pvc,,,,
07 Jul 2026 17:12 IST,PVC,"SNAPSHOT: Kolkata market as of July 07, 2026","Category: PVC | Title: SNAPSHOT: Kolkata market as of July 07, 2026 | Published: 07 Jul 2026 17:12 IST",N/A,N/A,N/A,N/A,https://www.polymerupdate.com/News/Details/1496512/pvc,,,,
07 Jul 2026 17:10 IST,PVC,"SNAPSHOT: Bangalore market as of July 07, 2026","Category: PVC | Title: SNAPSHOT: Bangalore market as of July 07, 2026 | Published: 07 Jul 2026 17:10 IST",N/A,N/A,N/A,N/A,https://www.polymerupdate.com/News/Details/1496513/pvc,,,,
07 Jul 2026 17:05 IST,PVC,"SNAPSHOT: Hyderabad market as of July 07, 2026","Category: PVC | Title: SNAPSHOT: Hyderabad market as of July 07, 2026 | Published: 07 Jul 2026 17:05 IST",N/A,N/A,N/A,N/A,https://www.polymerupdate.com/News/Details/1496514/pvc,,,,
07 Jul 2026 16:55 IST,PVC,"SNAPSHOT: Indore market as of July 07, 2026","Category: PVC | Title: SNAPSHOT: Indore market as of July 07, 2026 | Published: 07 Jul 2026 16:55 IST",N/A,N/A,N/A,N/A,https://www.polymerupdate.com/News/Details/1496515/pvc,,,,
07 Jul 2026 16:40 IST,PVC,"SNAPSHOT: Kanpur market as of July 07, 2026","Category: PVC | Title: SNAPSHOT: Kanpur market as of July 07, 2026 | Published: 07 Jul 2026 16:40 IST",N/A,N/A,N/A,N/A,https://www.polymerupdate.com/News/Details/1496516/pvc,,,,
07 Jul 2026 16:38 IST,PVC,"SNAPSHOT: Punjab market as of July 07, 2026","Category: PVC | Title: SNAPSHOT: Punjab market as of July 07, 2026 | Published: 07 Jul 2026 16:38 IST",N/A,N/A,N/A,N/A,https://www.polymerupdate.com/News/Details/1496517/pvc,,,,
07 Jul 2026 16:35 IST,PVC,"SNAPSHOT: Rajasthan market as of July 07, 2026","Category: PVC | Title: SNAPSHOT: Rajasthan market as of July 07, 2026 | Published: 07 Jul 2026 16:35 IST",N/A,N/A,N/A,N/A,https://www.polymerupdate.com/News/Details/1496518/pvc,,,,
07 Jul 2026 16:25 IST,PVC,"SNAPSHOT: Kerala market as of July 07, 2026","Category: PVC | Title: SNAPSHOT: Kerala market as of July 07, 2026 | Published: 07 Jul 2026 16:25 IST",N/A,N/A,N/A,N/A,https://www.polymerupdate.com/News/Details/1496519/pvc,,,,
07 Jul 2026 16:20 IST,PVC,"SNAPSHOT: Patna market as of July 07, 2026","Category: PVC | Title: SNAPSHOT: Patna market as of July 07, 2026 | Published: 07 Jul 2026 16:20 IST",N/A,N/A,N/A,N/A,https://www.polymerupdate.com/News/Details/1496520/pvc,,,,
07 Jul 2026 16:18 IST,PVC,"SNAPSHOT: Pakistan (Lahore) market as of July 07, 2026","Category: PVC | Title: SNAPSHOT: Pakistan (Lahore) market as of July 07, 2026 | Published: 07 Jul 2026 16:18 IST",N/A,N/A,N/A,N/A,https://www.polymerupdate.com/News/Details/1496521/pvc,,,,
07 Jul 2026 16:16 IST,PVC,"Market Rumours: PP, PE, and PVC domestic updates of India","Category: PVC | Title: Market Rumours: PP, PE, and PVC domestic updates of India | Published: 07 Jul 2026 16:16 IST",N/A,N/A,N/A,N/A,https://www.polymerupdate.com/News/Details/1496497/pvc,,,,
07 Jul 2026 16:13 IST,PVC,"SNAPSHOT: Pakistan (Karachi) market as of July 07, 2026","Category: PVC | Title: SNAPSHOT: Pakistan (Karachi) market as of July 07, 2026 | Published: 07 Jul 2026 16:13 IST",N/A,N/A,N/A,N/A,https://www.polymerupdate.com/News/Details/1496522/pvc,,,,
07 Jul 2026 16:08 IST,PVC,"SNAPSHOT: Bangladesh market as of July 07, 2026","Category: PVC | Title: SNAPSHOT: Bangladesh market as of July 07, 2026 | Published: 07 Jul 2026 16:08 IST",N/A,N/A,N/A,N/A,https://www.polymerupdate.com/News/Details/1496523/pvc,,,,
07 Jul 2026 16:05 IST,PVC,"SNAPSHOT: Sri Lanka market as of July 07, 2026","Category: PVC | Title: SNAPSHOT: Sri Lanka market as of July 07, 2026 | Published: 07 Jul 2026 16:05 IST",N/A,N/A,N/A,N/A,https://www.polymerupdate.com/News/Details/1496524/pvc,,,,
07 Jul 2026 15:53 IST,PVC,"SNAPSHOT: Nepal market as of July 07, 2026","Category: PVC | Title: SNAPSHOT: Nepal market as of July 07, 2026 | Published: 07 Jul 2026 15:53 IST",N/A,N/A,N/A,N/A,https://www.polymerupdate.com/News/Details/1496525/pvc,,,,
07 Jul 2026 15:49 IST,PVC,"SNAPSHOT: Vietnam markets as of July 07, 2026","Category: PVC | Title: SNAPSHOT: Vietnam markets as of July 07, 2026 | Published: 07 Jul 2026 15:49 IST",N/A,N/A,N/A,N/A,https://www.polymerupdate.com/News/Details/1496505/pvc,,,,
07 Jul 2026 15:46 IST,PVC,"Closing Price: Dalian Commodity Exchange As On July 7, 2026","Category: PVC | Title: Closing Price: Dalian Commodity Exchange As On July 7, 2026 | Published: 07 Jul 2026 15:46 IST",N/A,N/A,N/A,N/A,https://www.polymerupdate.com/News/Details/1496496/pvc,,,,
07 Jul 2026 09:46 IST,PVC,Polyvinyl chloride (PVC) prices tumble in the GCC as ample supply outpaces demand,Category: PVC | Title: Polyvinyl chloride (PVC) prices tumble in the GCC as ample supply outpaces demand | Published: 07 Jul 2026 09:46 IST,N/A,N/A,N/A,N/A,https://www.polymerupdate.com/News/Details/1496344/pvc,,,,
07 Jul 2026 07:35 IST,PVC,"Domestic prices of Polyvinyl chloride (PVC) China as of July 06, 2026","Category: PVC | Title: Domestic prices of Polyvinyl chloride (PVC) China as of July 06, 2026 | Published: 07 Jul 2026 07:35 IST",N/A,N/A,N/A,N/A,https://www.polymerupdate.com/News/Details/1496285/pvc,,,,
07 Jul 2026 06:05 IST,PVC,"China domestic producer prices of Polyvinyl chloride (PVC) as of July 06, 2026","Category: PVC | Title: China domestic producer prices of Polyvinyl chloride (PVC) as of July 06, 2026 | Published: 07 Jul 2026 06:05 IST",N/A,N/A,N/A,N/A,https://www.polymerupdate.com/News/Details/1496271/pvc,,,,
07 Jul 2026 05:25 IST,PVC,"Domestic prices of Polyvinyl chloride (PVC) Paste China as of July 06, 2026","Category: PVC | Title: Domestic prices of Polyvinyl chloride (PVC) Paste China as of July 06, 2026 | Published: 07 Jul 2026 05:25 IST",N/A,N/A,N/A,N/A,https://www.polymerupdate.com/News/Details/1496265/pvc,,,,
07 Jul 2026 05:00 IST,PVC,KEM ONE operates chloralkali plants at normal capacity rates,Category: PVC | Title: KEM ONE operates chloralkali plants at normal capacity rates | Published: 07 Jul 2026 05:00 IST,N/A,N/A,N/A,N/A,https://www.polymerupdate.com/News/Details/1496336/pvc,,,,
07 Jul 2026 17:40 IST,rHDPE,"[HIGHLIGHT - HDPE] SNAPSHOT: Mumbai market as of July 07, 2026","Category: HDPE | Title: [HIGHLIGHT - HDPE] SNAPSHOT: Mumbai market as of July 07, 2026 | Published: 07 Jul 2026 17:40 IST",52GB002,163360,161340,"June 10 , 2026",https://www.polymerupdate.com/News/Details/1496508/hdpe,,,,
07 Jul 2026 17:40 IST,rHDPE,"[HIGHLIGHT - HDPE] SNAPSHOT: Mumbai market as of July 07, 2026","Category: HDPE | Title: [HIGHLIGHT - HDPE] SNAPSHOT: Mumbai market as of July 07, 2026 | Published: 07 Jul 2026 17:40 IST",46GP009,151520,149500,"June 10 , 2026",https://www.polymerupdate.com/News/Details/1496508/hdpe,,,,
07 Jul 2026 17:35 IST,rHDPE,"[HIGHLIGHT - HDPE] SNAPSHOT: Delhi market as of July 07, 2026","Category: HDPE | Title: [HIGHLIGHT - HDPE] SNAPSHOT: Delhi market as of July 07, 2026 | Published: 07 Jul 2026 17:35 IST",52GB002,163360,161340,"June 10 , 2026",https://www.polymerupdate.com/News/Details/1496509/hdpe,,,,
07 Jul 2026 17:35 IST,rHDPE,"[HIGHLIGHT - HDPE] SNAPSHOT: Delhi market as of July 07, 2026","Category: HDPE | Title: [HIGHLIGHT - HDPE] SNAPSHOT: Delhi market as of July 07, 2026 | Published: 07 Jul 2026 17:35 IST",46GP009,151520,149500,"June 10 , 2026",https://www.polymerupdate.com/News/Details/1496509/hdpe,,,,
07 Jul 2026 17:23 IST,rHDPE,[HIGHLIGHT - HDPE] A producer from Saudi Arabia offers High density polyethylene (HDPE Injection) in South Africa,Category: HDPE | Title: [HIGHLIGHT - HDPE] A producer from Saudi Arabia offers High density polyethylene (HDPE Injection) in South Africa | Published: 07 Jul 2026 17:23 IST,52GB002,163360,161340,"June 10 , 2026",https://www.polymerupdate.com/News/Details/1496544/hdpe,,,,
07 Jul 2026 17:23 IST,rHDPE,[HIGHLIGHT - HDPE] A producer from Saudi Arabia offers High density polyethylene (HDPE Injection) in South Africa,Category: HDPE | Title: [HIGHLIGHT - HDPE] A producer from Saudi Arabia offers High density polyethylene (HDPE Injection) in South Africa | Published: 07 Jul 2026 17:23 IST,46GP009,151520,149500,"June 10 , 2026",https://www.polymerupdate.com/News/Details/1496544/hdpe,,,,
07 Jul 2026 17:20 IST,rHDPE,"[HIGHLIGHT - HDPE] SNAPSHOT: Ahmedabad market as of July 07, 2026","Category: HDPE | Title: [HIGHLIGHT - HDPE] SNAPSHOT: Ahmedabad market as of July 07, 2026 | Published: 07 Jul 2026 17:20 IST",52GB002,163360,161340,"June 10 , 2026",https://www.polymerupdate.com/News/Details/1496510/hdpe,,,,
07 Jul 2026 17:20 IST,rHDPE,"[HIGHLIGHT - HDPE] SNAPSHOT: Ahmedabad market as of July 07, 2026","Category: HDPE | Title: [HIGHLIGHT - HDPE] SNAPSHOT: Ahmedabad market as of July 07, 2026 | Published: 07 Jul 2026 17:20 IST",46GP009,151520,149500,"June 10 , 2026",https://www.polymerupdate.com/News/Details/1496510/hdpe,,,,
07 Jul 2026 17:15 IST,rHDPE,"[HIGHLIGHT - HDPE] SNAPSHOT: Chennai market as of July 07, 2026","Category: HDPE | Title: [HIGHLIGHT - HDPE] SNAPSHOT: Chennai market as of July 07, 2026 | Published: 07 Jul 2026 17:15 IST",52GB002,163360,161340,"June 10 , 2026",https://www.polymerupdate.com/News/Details/1496511/hdpe,,,,
07 Jul 2026 17:15 IST,rHDPE,"[HIGHLIGHT - HDPE] SNAPSHOT: Chennai market as of July 07, 2026","Category: HDPE | Title: [HIGHLIGHT - HDPE] SNAPSHOT: Chennai market as of July 07, 2026 | Published: 07 Jul 2026 17:15 IST",46GP009,151520,149500,"June 10 , 2026",https://www.polymerupdate.com/News/Details/1496511/hdpe,,,,
07 Jul 2026 17:12 IST,rHDPE,"[HIGHLIGHT - HDPE] SNAPSHOT: Kolkata market as of July 07, 2026","Category: HDPE | Title: [HIGHLIGHT - HDPE] SNAPSHOT: Kolkata market as of July 07, 2026 | Published: 07 Jul 2026 17:12 IST",52GB002,163360,161340,"June 10 , 2026",https://www.polymerupdate.com/News/Details/1496512/hdpe,,,,
07 Jul 2026 17:12 IST,rHDPE,"[HIGHLIGHT - HDPE] SNAPSHOT: Kolkata market as of July 07, 2026","Category: HDPE | Title: [HIGHLIGHT - HDPE] SNAPSHOT: Kolkata market as of July 07, 2026 | Published: 07 Jul 2026 17:12 IST",46GP009,151520,149500,"June 10 , 2026",https://www.polymerupdate.com/News/Details/1496512/hdpe,,,,
07 Jul 2026 17:10 IST,rHDPE,"[HIGHLIGHT - HDPE] SNAPSHOT: Bangalore market as of July 07, 2026","Category: HDPE | Title: [HIGHLIGHT - HDPE] SNAPSHOT: Bangalore market as of July 07, 2026 | Published: 07 Jul 2026 17:10 IST",52GB002,163360,161340,"June 10 , 2026",https://www.polymerupdate.com/News/Details/1496513/hdpe,,,,
07 Jul 2026 17:10 IST,rHDPE,"[HIGHLIGHT - HDPE] SNAPSHOT: Bangalore market as of July 07, 2026","Category: HDPE | Title: [HIGHLIGHT - HDPE] SNAPSHOT: Bangalore market as of July 07, 2026 | Published: 07 Jul 2026 17:10 IST",46GP009,151520,149500,"June 10 , 2026",https://www.polymerupdate.com/News/Details/1496513/hdpe,,,,
07 Jul 2026 17:05 IST,rHDPE,"[HIGHLIGHT - HDPE] SNAPSHOT: Hyderabad market as of July 07, 2026","Category: HDPE | Title: [HIGHLIGHT - HDPE] SNAPSHOT: Hyderabad market as of July 07, 2026 | Published: 07 Jul 2026 17:05 IST",52GB002,163360,161340,"June 10 , 2026",https://www.polymerupdate.com/News/Details/1496514/hdpe,,,,
07 Jul 2026 17:05 IST,rHDPE,"[HIGHLIGHT - HDPE] SNAPSHOT: Hyderabad market as of July 07, 2026","Category: HDPE | Title: [HIGHLIGHT - HDPE] SNAPSHOT: Hyderabad market as of July 07, 2026 | Published: 07 Jul 2026 17:05 IST",46GP009,151520,149500,"June 10 , 2026",https://www.polymerupdate.com/News/Details/1496514/hdpe,,,,
07 Jul 2026 16:55 IST,rHDPE,"[HIGHLIGHT - HDPE] SNAPSHOT: Indore market as of July 07, 2026","Category: HDPE | Title: [HIGHLIGHT - HDPE] SNAPSHOT: Indore market as of July 07, 2026 | Published: 07 Jul 2026 16:55 IST",52GB002,163360,161340,"June 10 , 2026",https://www.polymerupdate.com/News/Details/1496515/hdpe,,,,
07 Jul 2026 16:55 IST,rHDPE,"[HIGHLIGHT - HDPE] SNAPSHOT: Indore market as of July 07, 2026","Category: HDPE | Title: [HIGHLIGHT - HDPE] SNAPSHOT: Indore market as of July 07, 2026 | Published: 07 Jul 2026 16:55 IST",46GP009,151520,149500,"June 10 , 2026",https://www.polymerupdate.com/News/Details/1496515/hdpe,,,,
07 Jul 2026 16:40 IST,rHDPE,"[HIGHLIGHT - HDPE] SNAPSHOT: Kanpur market as of July 07, 2026","Category: HDPE | Title: [HIGHLIGHT - HDPE] SNAPSHOT: Kanpur market as of July 07, 2026 | Published: 07 Jul 2026 16:40 IST",52GB002,163360,161340,"June 10 , 2026",https://www.polymerupdate.com/News/Details/1496516/hdpe,,,,
07 Jul 2026 16:40 IST,rHDPE,"[HIGHLIGHT - HDPE] SNAPSHOT: Kanpur market as of July 07, 2026","Category: HDPE | Title: [HIGHLIGHT - HDPE] SNAPSHOT: Kanpur market as of July 07, 2026 | Published: 07 Jul 2026 16:40 IST",46GP009,151520,149500,"June 10 , 2026",https://www.polymerupdate.com/News/Details/1496516/hdpe,,,,
07 Jul 2026 16:38 IST,rHDPE,"[HIGHLIGHT - HDPE] SNAPSHOT: Punjab market as of July 07, 2026","Category: HDPE | Title: [HIGHLIGHT - HDPE] SNAPSHOT: Punjab market as of July 07, 2026 | Published: 07 Jul 2026 16:38 IST",52GB002,163360,161340,"June 10 , 2026",https://www.polymerupdate.com/News/Details/1496517/hdpe,,,,
07 Jul 2026 16:38 IST,rHDPE,"[HIGHLIGHT - HDPE] SNAPSHOT: Punjab market as of July 07, 2026","Category: HDPE | Title: [HIGHLIGHT - HDPE] SNAPSHOT: Punjab market as of July 07, 2026 | Published: 07 Jul 2026 16:38 IST",46GP009,151520,149500,"June 10 , 2026",https://www.polymerupdate.com/News/Details/1496517/hdpe,,,,
07 Jul 2026 16:35 IST,rHDPE,"[HIGHLIGHT - HDPE] SNAPSHOT: Rajasthan market as of July 07, 2026","Category: HDPE | Title: [HIGHLIGHT - HDPE] SNAPSHOT: Rajasthan market as of July 07, 2026 | Published: 07 Jul 2026 16:35 IST",52GB002,163360,161340,"June 10 , 2026",https://www.polymerupdate.com/News/Details/1496518/hdpe,,,,
07 Jul 2026 16:35 IST,rHDPE,"[HIGHLIGHT - HDPE] SNAPSHOT: Rajasthan market as of July 07, 2026","Category: HDPE | Title: [HIGHLIGHT - HDPE] SNAPSHOT: Rajasthan market as of July 07, 2026 | Published: 07 Jul 2026 16:35 IST",46GP009,151520,149500,"June 10 , 2026",https://www.polymerupdate.com/News/Details/1496518/hdpe,,,,
07 Jul 2026 16:30 IST,rHDPE,[HIGHLIGHT - HDPE] Ethylene prices edge higher in the United States,Category: HDPE | Title: [HIGHLIGHT - HDPE] Ethylene prices edge higher in the United States | Published: 07 Jul 2026 16:30 IST,52GB002,163360,161340,"June 10 , 2026",https://www.polymerupdate.com/News/Details/1496413/hdpe,,,,
07 Jul 2026 16:30 IST,rHDPE,[HIGHLIGHT - HDPE] Ethylene prices edge higher in the United States,Category: HDPE | Title: [HIGHLIGHT - HDPE] Ethylene prices edge higher in the United States | Published: 07 Jul 2026 16:30 IST,46GP009,151520,149500,"June 10 , 2026",https://www.polymerupdate.com/News/Details/1496413/hdpe,,,,
07 Jul 2026 16:25 IST,rHDPE,"[HIGHLIGHT - HDPE] SNAPSHOT: Kerala market as of July 07, 2026","Category: HDPE | Title: [HIGHLIGHT - HDPE] SNAPSHOT: Kerala market as of July 07, 2026 | Published: 07 Jul 2026 16:25 IST",52GB002,163360,161340,"June 10 , 2026",https://www.polymerupdate.com/News/Details/1496519/hdpe,,,,
07 Jul 2026 16:25 IST,rHDPE,"[HIGHLIGHT - HDPE] SNAPSHOT: Kerala market as of July 07, 2026","Category: HDPE | Title: [HIGHLIGHT - HDPE] SNAPSHOT: Kerala market as of July 07, 2026 | Published: 07 Jul 2026 16:25 IST",46GP009,151520,149500,"June 10 , 2026",https://www.polymerupdate.com/News/Details/1496519/hdpe,,,,
07 Jul 2026 16:23 IST,rHDPE,[HIGHLIGHT - HDPE] Fresh High density polyethylene (HDPE Injection) offers in South Africa,Category: HDPE | Title: [HIGHLIGHT - HDPE] Fresh High density polyethylene (HDPE Injection) offers in South Africa | Published: 07 Jul 2026 16:23 IST,52GB002,163360,161340,"June 10 , 2026",https://www.polymerupdate.com/News/Details/1496543/hdpe,,,,
07 Jul 2026 16:23 IST,rHDPE,[HIGHLIGHT - HDPE] Fresh High density polyethylene (HDPE Injection) offers in South Africa,Category: HDPE | Title: [HIGHLIGHT - HDPE] Fresh High density polyethylene (HDPE Injection) offers in South Africa | Published: 07 Jul 2026 16:23 IST,46GP009,151520,149500,"June 10 , 2026",https://www.polymerupdate.com/News/Details/1496543/hdpe,,,,
07 Jul 2026 16:20 IST,rHDPE,"[HIGHLIGHT - HDPE] SNAPSHOT: Patna market as of July 07, 2026","Category: HDPE | Title: [HIGHLIGHT - HDPE] SNAPSHOT: Patna market as of July 07, 2026 | Published: 07 Jul 2026 16:20 IST",52GB002,163360,161340,"June 10 , 2026",https://www.polymerupdate.com/News/Details/1496520/hdpe,,,,
07 Jul 2026 16:20 IST,rHDPE,"[HIGHLIGHT - HDPE] SNAPSHOT: Patna market as of July 07, 2026","Category: HDPE | Title: [HIGHLIGHT - HDPE] SNAPSHOT: Patna market as of July 07, 2026 | Published: 07 Jul 2026 16:20 IST",46GP009,151520,149500,"June 10 , 2026",https://www.polymerupdate.com/News/Details/1496520/hdpe,,,,
07 Jul 2026 16:18 IST,rHDPE,"[HIGHLIGHT - HDPE] SNAPSHOT: Pakistan (Lahore) market as of July 07, 2026","Category: HDPE | Title: [HIGHLIGHT - HDPE] SNAPSHOT: Pakistan (Lahore) market as of July 07, 2026 | Published: 07 Jul 2026 16:18 IST",52GB002,163360,161340,"June 10 , 2026",https://www.polymerupdate.com/News/Details/1496521/hdpe,,,,
07 Jul 2026 16:18 IST,rHDPE,"[HIGHLIGHT - HDPE] SNAPSHOT: Pakistan (Lahore) market as of July 07, 2026","Category: HDPE | Title: [HIGHLIGHT - HDPE] SNAPSHOT: Pakistan (Lahore) market as of July 07, 2026 | Published: 07 Jul 2026 16:18 IST",46GP009,151520,149500,"June 10 , 2026",https://www.polymerupdate.com/News/Details/1496521/hdpe,,,,
07 Jul 2026 16:16 IST,rHDPE,"[HIGHLIGHT - HDPE] Market Rumours: PP, PE, and PVC domestic updates of India","Category: HDPE | Title: [HIGHLIGHT - HDPE] Market Rumours: PP, PE, and PVC domestic updates of India | Published: 07 Jul 2026 16:16 IST",52GB002,163360,161340,"June 10 , 2026",https://www.polymerupdate.com/News/Details/1496497/hdpe,,,,
07 Jul 2026 16:16 IST,rHDPE,"[HIGHLIGHT - HDPE] Market Rumours: PP, PE, and PVC domestic updates of India","Category: HDPE | Title: [HIGHLIGHT - HDPE] Market Rumours: PP, PE, and PVC domestic updates of India | Published: 07 Jul 2026 16:16 IST",46GP009,151520,149500,"June 10 , 2026",https://www.polymerupdate.com/News/Details/1496497/hdpe,,,,
07 Jul 2026 16:13 IST,rHDPE,"[HIGHLIGHT - HDPE] SNAPSHOT: Pakistan (Karachi) market as of July 07, 2026","Category: HDPE | Title: [HIGHLIGHT - HDPE] SNAPSHOT: Pakistan (Karachi) market as of July 07, 2026 | Published: 07 Jul 2026 16:13 IST",52GB002,163360,161340,"June 10 , 2026",https://www.polymerupdate.com/News/Details/1496522/hdpe,,,,
07 Jul 2026 16:13 IST,rHDPE,"[HIGHLIGHT - HDPE] SNAPSHOT: Pakistan (Karachi) market as of July 07, 2026","Category: HDPE | Title: [HIGHLIGHT - HDPE] SNAPSHOT: Pakistan (Karachi) market as of July 07, 2026 | Published: 07 Jul 2026 16:13 IST",46GP009,151520,149500,"June 10 , 2026",https://www.polymerupdate.com/News/Details/1496522/hdpe,,,,
07 Jul 2026 16:08 IST,rHDPE,"[HIGHLIGHT - HDPE] SNAPSHOT: Bangladesh market as of July 07, 2026","Category: HDPE | Title: [HIGHLIGHT - HDPE] SNAPSHOT: Bangladesh market as of July 07, 2026 | Published: 07 Jul 2026 16:08 IST",52GB002,163360,161340,"June 10 , 2026",https://www.polymerupdate.com/News/Details/1496523/hdpe,,,,
07 Jul 2026 16:08 IST,rHDPE,"[HIGHLIGHT - HDPE] SNAPSHOT: Bangladesh market as of July 07, 2026","Category: HDPE | Title: [HIGHLIGHT - HDPE] SNAPSHOT: Bangladesh market as of July 07, 2026 | Published: 07 Jul 2026 16:08 IST",46GP009,151520,149500,"June 10 , 2026",https://www.polymerupdate.com/News/Details/1496523/hdpe,,,,
07 Jul 2026 16:05 IST,rHDPE,"[HIGHLIGHT - HDPE] SNAPSHOT: Sri Lanka market as of July 07, 2026","Category: HDPE | Title: [HIGHLIGHT - HDPE] SNAPSHOT: Sri Lanka market as of July 07, 2026 | Published: 07 Jul 2026 16:05 IST",52GB002,163360,161340,"June 10 , 2026",https://www.polymerupdate.com/News/Details/1496524/hdpe,,,,
07 Jul 2026 16:05 IST,rHDPE,"[HIGHLIGHT - HDPE] SNAPSHOT: Sri Lanka market as of July 07, 2026","Category: HDPE | Title: [HIGHLIGHT - HDPE] SNAPSHOT: Sri Lanka market as of July 07, 2026 | Published: 07 Jul 2026 16:05 IST",46GP009,151520,149500,"June 10 , 2026",https://www.polymerupdate.com/News/Details/1496524/hdpe,,,,
07 Jul 2026 15:53 IST,rHDPE,"[HIGHLIGHT - HDPE] SNAPSHOT: Nepal market as of July 07, 2026","Category: HDPE | Title: [HIGHLIGHT - HDPE] SNAPSHOT: Nepal market as of July 07, 2026 | Published: 07 Jul 2026 15:53 IST",52GB002,163360,161340,"June 10 , 2026",https://www.polymerupdate.com/News/Details/1496525/hdpe,,,,
07 Jul 2026 15:53 IST,rHDPE,"[HIGHLIGHT - HDPE] SNAPSHOT: Nepal market as of July 07, 2026","Category: HDPE | Title: [HIGHLIGHT - HDPE] SNAPSHOT: Nepal market as of July 07, 2026 | Published: 07 Jul 2026 15:53 IST",46GP009,151520,149500,"June 10 , 2026",https://www.polymerupdate.com/News/Details/1496525/hdpe,,,,
07 Jul 2026 15:49 IST,rHDPE,"[HIGHLIGHT - HDPE] SNAPSHOT: Vietnam markets as of July 07, 2026","Category: HDPE | Title: [HIGHLIGHT - HDPE] SNAPSHOT: Vietnam markets as of July 07, 2026 | Published: 07 Jul 2026 15:49 IST",52GB002,163360,161340,"June 10 , 2026",https://www.polymerupdate.com/News/Details/1496505/hdpe,,,,
07 Jul 2026 15:49 IST,rHDPE,"[HIGHLIGHT - HDPE] SNAPSHOT: Vietnam markets as of July 07, 2026","Category: HDPE | Title: [HIGHLIGHT - HDPE] SNAPSHOT: Vietnam markets as of July 07, 2026 | Published: 07 Jul 2026 15:49 IST",46GP009,151520,149500,"June 10 , 2026",https://www.polymerupdate.com/News/Details/1496505/hdpe,,,,
07 Jul 2026 15:30 IST,rHDPE,[HIGHLIGHT - HDPE] Ethylene prices quote mixed in Europe,Category: HDPE | Title: [HIGHLIGHT - HDPE] Ethylene prices quote mixed in Europe | Published: 07 Jul 2026 15:30 IST,52GB002,163360,161340,"June 10 , 2026",https://www.polymerupdate.com/News/Details/1496382/hdpe,,,,
07 Jul 2026 15:30 IST,rHDPE,[HIGHLIGHT - HDPE] Ethylene prices quote mixed in Europe,Category: HDPE | Title: [HIGHLIGHT - HDPE] Ethylene prices quote mixed in Europe | Published: 07 Jul 2026 15:30 IST,46GP009,151520,149500,"June 10 , 2026",https://www.polymerupdate.com/News/Details/1496382/hdpe,,,,
07 Jul 2026 15:23 IST,rHDPE,[HIGHLIGHT - HDPE] A Saudi Arabian producer offers High density polyethylene (HDPE Blow Moulding) in South Africa,Category: HDPE | Title: [HIGHLIGHT - HDPE] A Saudi Arabian producer offers High density polyethylene (HDPE Blow Moulding) in South Africa | Published: 07 Jul 2026 15:23 IST,52GB002,163360,161340,"June 10 , 2026",https://www.polymerupdate.com/News/Details/1496542/hdpe,,,,
07 Jul 2026 15:23 IST,rHDPE,[HIGHLIGHT - HDPE] A Saudi Arabian producer offers High density polyethylene (HDPE Blow Moulding) in South Africa,Category: HDPE | Title: [HIGHLIGHT - HDPE] A Saudi Arabian producer offers High density polyethylene (HDPE Blow Moulding) in South Africa | Published: 07 Jul 2026 15:23 IST,46GP009,151520,149500,"June 10 , 2026",https://www.polymerupdate.com/News/Details/1496542/hdpe,,,,
07 Jul 2026 17:40 IST,LDPE,"SNAPSHOT: Mumbai market as of July 07, 2026","Category: LDPE | Title: SNAPSHOT: Mumbai market as of July 07, 2026 | Published: 07 Jul 2026 17:40 IST",N/A,N/A,N/A,N/A,https://www.polymerupdate.com/News/Details/1496508/ldpe,,,,
07 Jul 2026 17:35 IST,LDPE,"SNAPSHOT: Delhi market as of July 07, 2026","Category: LDPE | Title: SNAPSHOT: Delhi market as of July 07, 2026 | Published: 07 Jul 2026 17:35 IST",N/A,N/A,N/A,N/A,https://www.polymerupdate.com/News/Details/1496509/ldpe,,,,
07 Jul 2026 17:20 IST,LDPE,"SNAPSHOT: Ahmedabad market as of July 07, 2026","Category: LDPE | Title: SNAPSHOT: Ahmedabad market as of July 07, 2026 | Published: 07 Jul 2026 17:20 IST",N/A,N/A,N/A,N/A,https://www.polymerupdate.com/News/Details/1496510/ldpe,,,,
07 Jul 2026 17:15 IST,LDPE,"SNAPSHOT: Chennai market as of July 07, 2026","Category: LDPE | Title: SNAPSHOT: Chennai market as of July 07, 2026 | Published: 07 Jul 2026 17:15 IST",N/A,N/A,N/A,N/A,https://www.polymerupdate.com/News/Details/1496511/ldpe,,,,
07 Jul 2026 17:13 IST,LDPE,A producer from Saudi Arabia offers Low density polyethylene (LDPE Heavy Duty) in South Africa,Category: LDPE | Title: A producer from Saudi Arabia offers Low density polyethylene (LDPE Heavy Duty) in South Africa | Published: 07 Jul 2026 17:13 IST,N/A,N/A,N/A,N/A,https://www.polymerupdate.com/News/Details/1496536/ldpe,,,,
07 Jul 2026 17:12 IST,LDPE,"SNAPSHOT: Kolkata market as of July 07, 2026","Category: LDPE | Title: SNAPSHOT: Kolkata market as of July 07, 2026 | Published: 07 Jul 2026 17:12 IST",N/A,N/A,N/A,N/A,https://www.polymerupdate.com/News/Details/1496512/ldpe,,,,
07 Jul 2026 17:10 IST,LDPE,"SNAPSHOT: Bangalore market as of July 07, 2026","Category: LDPE | Title: SNAPSHOT: Bangalore market as of July 07, 2026 | Published: 07 Jul 2026 17:10 IST",N/A,N/A,N/A,N/A,https://www.polymerupdate.com/News/Details/1496513/ldpe,,,,
07 Jul 2026 17:05 IST,LDPE,"SNAPSHOT: Hyderabad market as of July 07, 2026","Category: LDPE | Title: SNAPSHOT: Hyderabad market as of July 07, 2026 | Published: 07 Jul 2026 17:05 IST",N/A,N/A,N/A,N/A,https://www.polymerupdate.com/News/Details/1496514/ldpe,,,,
07 Jul 2026 16:55 IST,LDPE,"SNAPSHOT: Indore market as of July 07, 2026","Category: LDPE | Title: SNAPSHOT: Indore market as of July 07, 2026 | Published: 07 Jul 2026 16:55 IST",N/A,N/A,N/A,N/A,https://www.polymerupdate.com/News/Details/1496515/ldpe,,,,
07 Jul 2026 16:40 IST,LDPE,"SNAPSHOT: Kanpur market as of July 07, 2026","Category: LDPE | Title: SNAPSHOT: Kanpur market as of July 07, 2026 | Published: 07 Jul 2026 16:40 IST",N/A,N/A,N/A,N/A,https://www.polymerupdate.com/News/Details/1496516/ldpe,,,,
07 Jul 2026 16:38 IST,LDPE,"SNAPSHOT: Punjab market as of July 07, 2026","Category: LDPE | Title: SNAPSHOT: Punjab market as of July 07, 2026 | Published: 07 Jul 2026 16:38 IST",N/A,N/A,N/A,N/A,https://www.polymerupdate.com/News/Details/1496517/ldpe,,,,
07 Jul 2026 16:35 IST,LDPE,"SNAPSHOT: Rajasthan market as of July 07, 2026","Category: LDPE | Title: SNAPSHOT: Rajasthan market as of July 07, 2026 | Published: 07 Jul 2026 16:35 IST",N/A,N/A,N/A,N/A,https://www.polymerupdate.com/News/Details/1496518/ldpe,,,,
07 Jul 2026 16:30 IST,LDPE,Ethylene prices edge higher in the United States,Category: LDPE | Title: Ethylene prices edge higher in the United States | Published: 07 Jul 2026 16:30 IST,N/A,N/A,N/A,N/A,https://www.polymerupdate.com/News/Details/1496413/ldpe,,,,
07 Jul 2026 16:25 IST,LDPE,"SNAPSHOT: Kerala market as of July 07, 2026","Category: LDPE | Title: SNAPSHOT: Kerala market as of July 07, 2026 | Published: 07 Jul 2026 16:25 IST",N/A,N/A,N/A,N/A,https://www.polymerupdate.com/News/Details/1496519/ldpe,,,,
07 Jul 2026 16:20 IST,LDPE,"SNAPSHOT: Patna market as of July 07, 2026","Category: LDPE | Title: SNAPSHOT: Patna market as of July 07, 2026 | Published: 07 Jul 2026 16:20 IST",N/A,N/A,N/A,N/A,https://www.polymerupdate.com/News/Details/1496520/ldpe,,,,
07 Jul 2026 16:18 IST,LDPE,"SNAPSHOT: Pakistan (Lahore) market as of July 07, 2026","Category: LDPE | Title: SNAPSHOT: Pakistan (Lahore) market as of July 07, 2026 | Published: 07 Jul 2026 16:18 IST",N/A,N/A,N/A,N/A,https://www.polymerupdate.com/News/Details/1496521/ldpe,,,,
07 Jul 2026 16:16 IST,LDPE,"Market Rumours: PP, PE, and PVC domestic updates of India","Category: LDPE | Title: Market Rumours: PP, PE, and PVC domestic updates of India | Published: 07 Jul 2026 16:16 IST",N/A,N/A,N/A,N/A,https://www.polymerupdate.com/News/Details/1496497/ldpe,,,,
07 Jul 2026 16:13 IST,LDPE,"SNAPSHOT: Pakistan (Karachi) market as of July 07, 2026","Category: LDPE | Title: SNAPSHOT: Pakistan (Karachi) market as of July 07, 2026 | Published: 07 Jul 2026 16:13 IST",N/A,N/A,N/A,N/A,https://www.polymerupdate.com/News/Details/1496522/ldpe,,,,
07 Jul 2026 16:13 IST,LDPE,Recent Low density polyethylene (LDPE Film) offers in South Africa,Category: LDPE | Title: Recent Low density polyethylene (LDPE Film) offers in South Africa | Published: 07 Jul 2026 16:13 IST,N/A,N/A,N/A,N/A,https://www.polymerupdate.com/News/Details/1496535/ldpe,,,,
07 Jul 2026 16:08 IST,LDPE,"SNAPSHOT: Bangladesh market as of July 07, 2026","Category: LDPE | Title: SNAPSHOT: Bangladesh market as of July 07, 2026 | Published: 07 Jul 2026 16:08 IST",N/A,N/A,N/A,N/A,https://www.polymerupdate.com/News/Details/1496523/ldpe,,,,
07 Jul 2026 16:05 IST,LDPE,"SNAPSHOT: Sri Lanka market as of July 07, 2026","Category: LDPE | Title: SNAPSHOT: Sri Lanka market as of July 07, 2026 | Published: 07 Jul 2026 16:05 IST",N/A,N/A,N/A,N/A,https://www.polymerupdate.com/News/Details/1496524/ldpe,,,,
07 Jul 2026 15:53 IST,LDPE,"SNAPSHOT: Nepal market as of July 07, 2026","Category: LDPE | Title: SNAPSHOT: Nepal market as of July 07, 2026 | Published: 07 Jul 2026 15:53 IST",N/A,N/A,N/A,N/A,https://www.polymerupdate.com/News/Details/1496525/ldpe,,,,
07 Jul 2026 15:49 IST,LDPE,"SNAPSHOT: Vietnam markets as of July 07, 2026","Category: LDPE | Title: SNAPSHOT: Vietnam markets as of July 07, 2026 | Published: 07 Jul 2026 15:49 IST",N/A,N/A,N/A,N/A,https://www.polymerupdate.com/News/Details/1496505/ldpe,,,,
07 Jul 2026 15:30 IST,LDPE,Ethylene prices quote mixed in Europe,Category: LDPE | Title: Ethylene prices quote mixed in Europe | Published: 07 Jul 2026 15:30 IST,N/A,N/A,N/A,N/A,https://www.polymerupdate.com/News/Details/1496382/ldpe,,,,
07 Jul 2026 15:05 IST,LDPE,"US market prices of Ethylene as of July 06, 2026","Category: LDPE | Title: US market prices of Ethylene as of July 06, 2026 | Published: 07 Jul 2026 15:05 IST",N/A,N/A,N/A,N/A,https://www.polymerupdate.com/News/Details/1496366/ldpe,,,,
